id,klaster_dup,fase,likes,ukuran_klaster,teks_bersih
DYmUwyLEbx9#40,6100,f3_mei2026,5,1,"lsg saja, intinya di bayar berapa ?"
DYR3czaxB9E#446,2839,f3_mei2026,0,1,❤️❤️❤️Selamat dunia akhirat
DaR6fCMxfe-#41,28212,f4_jul2026,1,1,@hanhancuk paham belom😂?
DaM_18rj5OO#212,7018,f4_jul2026,0,1,"Percuma kita koar koar disosmed, ga akan merubah sesuatu."
DX8xO2EDutM#487,2439,f3_mei2026,0,1,Skrg gantian cek aliran dana ke Jaksa 🔥
DUdN5deExTD#1709,1999,f2_awal2026,0,1,"Maka nya jadi mentri jgn terima beres jadi kan di kibulin bawahan ,hrs nya cek ricek ke bawah gimana2 nyaaa,jadi kan ketempuhan buntut maung , kek sekarang mentri keuangan lgsg turun ke bawah"
DaM_18rj5OO#12582,17339,f4_jul2026,0,1,Hasil dari naik gaji 300c/o 😄😄👏
DYR3czaxB9E#491,2874,f3_mei2026,0,2,💔😭💔💔❤️
DTVFd_Rk-KJ#273,342,f2_awal2026,0,1,Dari JP kecil sampai gede semua aku dapet dariPULAu777. ❤️
DaR6fCMxfe-#3144,31086,f4_jul2026,1,1,Kan itu suruhan Jokowi.
DaM_18rj5OO#3917,10191,f4_jul2026,0,1,"Tarik sudah hakim seperti bangsat itu Ayo lah dimana dia sekarang, malu saya sebagai sarjana hukum melihat kelakuan hakim memalukan dan najis seperti itu!!!!"
DYR3czaxB9E#2910,4278,f3_mei2026,0,1,Ikutan nyesekk 😭😭😭... Sy percaya pak nadhim g bersalah
DaM_18rj5OO#11836,16725,f4_jul2026,0,4,🤔🤔
DaM_18rj5OO#15091,19423,f4_jul2026,0,1,@yusrilihzamhd @kemenkum hakim dan Jaksa emang kerjasama dari awal bahwa harus dihukum.. @prabowo di bawah loe. Hukum. Indonesia makin hancur.. Semoga para hakim pengecut ini dan keluarga nya semua kena karma seberatnya dan secepatnya oleh Tuhan. Aamiin
DON94SnAD_0#46,44,f1_sep2025,0,1,CAP CIP CUP BELALANG KUNCUP.
DaNC_lKSytw#781,20996,f4_jul2026,0,1,"Pak nadiem Allah with U,,, semanagat bpk yg kuat kami bersama bpk..."
DaNC_lKSytw#5816,24958,f4_jul2026,1,1,"Alhamdulillah hari ini dapat 12,4jt di KOLEMAX"
DON94SnAD_0#93,91,f1_sep2025,0,1,pengkhianatan bangsa seharusnya di hukum matii karena merugikan org banyak.
DYR3czaxB9E#2727,4174,f3_mei2026,0,1,Resiko orang baik n terjun kedunia politik.. sesama pejabat koruptor yg dzalim aja bisa saling serang apa lagi orang baik vs orang dzalim.. udah pasti musuhnya banyak..
Dao9wWaDKzY#28,31391,f4_jul2026,0,3,tiga ratus jadi enam juta bosqu🥰 search google ZOYAMAX
DYR3czaxB9E#1604,3556,f3_mei2026,0,4,Dimana keadilan 🔥🔥🔥💔
DON94SnAD_0#18,16,f1_sep2025,5,1,Ga percaya @nadiem_makarim__ melakukan korupsi. Sepertinya hanya jadi tumbal politik untuk pengalihan isu. Semoga segera dibebaskan seperti Pak Tom Lembong
DaM_18rj5OO#1271,7942,f4_jul2026,0,1,Pengen pindah negara 🤣kacau negara ini pak 😭gak jelas mau dibawak kemana arahnya @prabowo
DaM_18rj5OO#5039,11117,f4_jul2026,0,1,Rest in He*l hakim dan jajarannya
DYR3czaxB9E#3626,4666,f3_mei2026,0,1,Sebagai salah tim ojol ikut mewek gua😭😭😭
DaR6fCMxfe-#2087,30108,f4_jul2026,0,1,👍🏻✨💥👍🏻
DaM_18rj5OO#15550,19799,f4_jul2026,0,1,"eh, dapat berapa hakimnya ? 🤔🤔"
DYR3czaxB9E#2778,4209,f3_mei2026,0,2,Keep strong pak nadiem💪🫂
DaM_18rj5OO#7425,13110,f4_jul2026,0,1,Hakim yang barusan naik gaji 300%😂😂
DYR3czaxB9E#39,2562,f3_mei2026,18,151,😢💔
DYR3czaxB9E#3841,4784,f3_mei2026,0,1,kasih motor
DaM_18rj5OO#5206,11258,f4_jul2026,0,1,🤮🤮👎🏻
DYmUwyLEbx9#421,6472,f3_mei2026,0,1,"Otak ga nyampai sok tau,"
DON94SnAD_0#87,85,f1_sep2025,0,1,Masih ga percaya seorang nadiem 😢
DaNC_lKSytw#7578,26330,f4_jul2026,0,1,Salah 1 kesalahan terbesar nadim adalah : tidak bergabung dengan partai politik 😂😂😂😂
DaM_18rj5OO#7483,13157,f4_jul2026,0,2,Ru
DUdN5deExTD#839,1165,f2_awal2026,0,1,Ealah 😂
DaM_18rj5OO#6553,12381,f4_jul2026,0,1,Nah kan jelas kan mereka memutuskan suatu hal yg salah.... Ditgglho yg mulia hakim didunia lain 😂😂😂
DaM_18rj5OO#2981,9406,f4_jul2026,0,1,"🚰 JASA BOR AIR SUMUR – MELAYANI JABODETABEK 🚰 📍 Jakarta • Bogor • Depok • Tangerang • Bekasi 💧 Melayani pengeboran sumur untuk rumah, kontrakan, ruko, dan usaha. 🎁 DAPATKAN KOMISI PER TITIK! Rekomendasikan customer baru dan raih komisi menarik sekarang juga! 📞 Langsung WA/Telepon: 0812-8839-6172"
DaM_18rj5OO#12300,17117,f4_jul2026,0,1,✊🏻
DaM_18rj5OO#52,6881,f4_jul2026,138,10,WTF😭
DaNC_lKSytw#3681,23226,f4_jul2026,0,1,Bismillahirrahmanirrahim aku doa kan pak nadiem bisa bebas allah akbar doa driver ojol bersama mu pak nadiem
DUdN5deExTD#156,501,f2_awal2026,0,1,Mereka orang2 lama sebelum adanya p.nadiem jadi mentri gag sih..? Ya pantesan klo gitu
DaM_18rj5OO#8788,14242,f4_jul2026,0,1,Sadiiiis
DaNC_lKSytw#5813,24956,f4_jul2026,1,1,Bawa modal dikit tapi di kasih menanggar gede cuman di KOLEMAX📈📈
DaM_18rj5OO#2088,8655,f4_jul2026,0,1,ini yg katanya gaji naik 300%?????
DYSQkY4RX2K#510,5906,f3_mei2026,0,1,"Ingat pak, seseorang yang masuk dalam lingkaran setan apalagi pada saat itu pimpinannya adalah diatas iblis maka seseorang yang baru masuk hamyalah sebagai tumbal..."
DaM_18rj5OO#10444,15597,f4_jul2026,0,1,Wkwkwk emosi
DaM_18rj5OO#1114,7805,f4_jul2026,0,1,🙃💔
DaR6fCMxfe-#2405,30397,f4_jul2026,0,1,Dari awal dlu beli barang itu di komentar...bnyk bngt yg negatif bandingin dri yg di toko online
DaM_18rj5OO#11531,16461,f4_jul2026,1,1,Semoga Allah kais azab untuk hakim hari ini
DaM_18rj5OO#6089,1279,f4_jul2026,1,5,KACAUUU
DaM_18rj5OO#9957,15200,f4_jul2026,0,1,Mungkin doi kebelet udah di ujung 😂
DUdN5deExTD#362,705,f2_awal2026,0,1,Kasian bet lu dpt 50juta doang to kebawa bawa mampus dah 😂
DaM_18rj5OO#16023,20200,f4_jul2026,7396,1,Sakit bener hukum dinegri ini !!
DaNC_lKSytw#4788,24121,f4_jul2026,0,1,Minta tolonh Allah
DaNC_lKSytw#8630,27140,f4_jul2026,0,1,"Di pengadilan akhirat mereka tidak akan mengelak pak , semangatt pak nadiem makarim 😢😢"
DaM_18rj5OO#6485,2713,f4_jul2026,1,49,😢😭
DaNC_lKSytw#8048,26698,f4_jul2026,0,1,Knp gk mnta tlg bang jack aja ... siapa tahu bsa membantu
DaM_18rj5OO#13837,13936,f4_jul2026,1,2,Sakit hati liatnya😢😭
DYR3czaxB9E#3719,4710,f3_mei2026,0,1,💔💔💔 sedih hukum sialan 😭
DYSQkY4RX2K#55,5495,f3_mei2026,0,1,1. menghilangkan ujian Nasional 2. mengganti kurikulum 3. menghilangkan pelajaran PKN 4. pendaftaran sekolah Zonasi 5. mengurangi hari/jam belajar ke sekolah (extra) coba sebutkan apa yg dirubah oleh pak Nadiem saat jadi Mentri pendidikan? sama aja membodohkan anak2 mu sendiri pak
DUdN5deExTD#134,479,f2_awal2026,0,1,"Coba bantu pak @gibran_rakabuming , cari siaap dalangnya 🔥🔥🙏??"
DaM_18rj5OO#14626,19037,f4_jul2026,1,1,"300%, semoga abadi didalam neraka bersama hartanya yg dikumpulkan di dunia wahai para Hakim yg TDK menegakkan keadilan 🔥🔥🔥"
DaM_18rj5OO#1936,8522,f4_jul2026,0,1,Keterlaluan bgttt🤬
DaM_18rj5OO#490,7257,f4_jul2026,0,1,"dinaikin gajipun tetep gak ngaruh dari kinerjanya, disuap tetep yg utama"
DaM_18rj5OO#14615,19028,f4_jul2026,0,1,Wajah asli hukum di Indonesia hancur bgt 😂
DaM_18rj5OO#2633,9120,f4_jul2026,0,1,masyarakat Indonesia ayo tolong bersama2
DX8xO2EDutM#436,2394,f3_mei2026,0,1,Jaksa sekarang dongok2
DaNC_lKSytw#6071,25158,f4_jul2026,1,1,Mungkin Minimal dosa kita berkurang karena ada kedzoliman dari pemerintah dan mereka yang tanggung kelak
DYR3czaxB9E#38,2561,f3_mei2026,1,2,🥹🥺
DaM_18rj5OO#2357,8881,f4_jul2026,0,1,Yang mulia apa nya ?
DaM_18rj5OO#1744,8363,f4_jul2026,0,1,Ikut sakit hati skali yg model begini anjing seh 😢
DX8xO2EDutM#374,2338,f3_mei2026,0,1,Udah deh jaksa ga tau malu mending lu lepas ni org aja tmbh lama tambah memalukan
DYR3czaxB9E#4836,5347,f3_mei2026,0,1,Pasti berat banget pak😭
DYR3czaxB9E#10,2536,f3_mei2026,181,122,🥺🥺🥺
DTVFd_Rk-KJ#233,321,f2_awal2026,0,1,PUL AU777jadi tempat paling sering bikin aku MAXWIN!
DaR6fCMxfe-#816,28928,f4_jul2026,0,1,"Kalo ga ke goggle emang indo punya ekosistemnya kalo ga ke google siapa lagi ujung"" Sama juga lebih hemat lagi . Ya iyalah itu buat Terima invest masa cuma"" Intinya saling menguntungkan coba sekarang banyak orang dapet kerja karena gojek emang pemerintah cuma janji doang. Intinya orang"" Pintar disingkirkan orang di pemerintah cuma orang bodoh dan rakus doang yang pintar dibungkam"
DUdN5deExTD#1553,1849,f2_awal2026,0,1,SEMUANYA KONTOL
DUdN5deExTD#7,357,f2_awal2026,2,1,Jack mulyono ?
DaNC_lKSytw#9932,28143,f4_jul2026,0,1,Buka open donasi ayok 😢😢😢😢😢😢😢
DYSQkY4RX2K#243,5667,f3_mei2026,0,1,"Shut down aja pak Go Jek , biar kelabakan banyak yg kehilangan pekerjaan😢"
DYR3czaxB9E#4677,5263,f3_mei2026,0,1,Ya Allah pak sabar yak pak .... Allah bersama orang-orang baik
DaNC_lKSytw#2142,22016,f4_jul2026,0,1,"Awal mulanya dari dorongan Presiden saat itu untuk melakukan digitalisasi pendidikan agar pendidikan bisa merata terutama daerah tertinggal. Nadiem yang pada saat itu menjabat sebagai mendikbudristek meloloskan program digitalisasi pendidikan dengan pengadaan Chromebook dari Google senilai 9,3 triliun, menjadikan Google sebagai pemenang tunggal, tanpa ada proses tender dan proses lainnya. Proyek pengadaan Chromebook ini sering dikritik karena Pemerintah Malaysia dinilai telah gagal dalam mendigitalisasi sekolah menggunakan program Chromebook ini sebelumnya dan sudah menghentikannya tahun 2019. Sementara Indonesia malah menggunakannya sejak periode 2020 hingga 2022. Dan tentunya banyak yang tahu bahwa Google adalah investor Gojek. Gojek adalah buatan Nadiem, kekayaan Nadiem melonjak 3,64 triliun dr 2019-2022. Berdasarkan fakta persidangan kasus korupsi di Pengadilan Tipikor, Nadiem Makarim disebut telah membahas dan merencanakan proyek digitalisasi pendidikan (pengadaan laptop Chromebook) beberapa bulan sebelum ia resmi dilantik sebagai Menteri Pendidikan dan Kebudayaan pada Oktober 2019. Kesimpulan dari korupsinya, (1) bukti menjanjikan proyek sebelum menjabat. (2) Menggunakan Chromebook yang telah gagal digunakan di Malaysia dan sudah dihentikan. (3) Google adalah investor gojek dan menjadikan Google sebagai pemenang tunggal (4) kekayaan Nadiem melonjak pada periode tsb. (5) Merugikan masyarakat karena menggunakan produk yang dinilai telah gagal dan sudah dihentikan di negara lain. Politik bisa menjadikan orang baik menjadi jahat, karena untuk menguji karakter seseorang itu perlu diberikan kekuasaan. Jauhi politik, mari membangun bisnis demi keluarga tercinta. Bisnis tabungan, modalnya cuma ditabung. Jaminan pengembalian modal 100% ditambah pembagian hasil keuntungan perusahaan."
DYR3czaxB9E#324,2760,f3_mei2026,2,1,"271t penjara 1 bulan doang sedangkan ini gada unsur korupsi nya sampe 18tahun, sila ke5 nya udah hilang"
DYR3czaxB9E#1651,3582,f3_mei2026,0,5,Sakit hati banget😭💔
DUdN5deExTD#1069,1387,f2_awal2026,0,1,jebolan harvard jd tumbal😌
DYR3czaxB9E#1519,3509,f3_mei2026,0,1,🙁🙁
DaM_18rj5OO#16114,20277,f4_jul2026,23219,1,Lucu Hukum di Negeri ini 😂😂..
DaM_18rj5OO#15742,19963,f4_jul2026,0,1,IKN GAK JADI IBUKOTA ? 🤭🤣
DaM_18rj5OO#10496,15641,f4_jul2026,0,2,Sabar bang. Yang mulia sudah buru2 ingin kembali ke alam nya. Alam baka 😂
DUdN5deExTD#191,536,f2_awal2026,0,1,Woi... Brantas Judol aja.. Judol menjamur... Indonesia trade surplus selama 5 th duitnya ke mana? Korupsi? Udh dr dulu.. Nah Judol?? Ini sumber baru malapetaka. Aplg yg disasar masyarakat nengah bawah.. Pemerintah bisa BLOK JUDOL RUPIAH PASTI MENGUAT
DaNC_lKSytw#6447,25458,f4_jul2026,1,1,AYO OJOL BERGERAK PLIS😢
DaR6fCMxfe-#3285,31217,f4_jul2026,0,1,treak berantas korupsi ada koruptor ketangkep suruh bebasin....
DYR3czaxB9E#1444,3463,f3_mei2026,0,1,@dedimulyadi71 tolong dia
DUdN5deExTD#1655,1950,f2_awal2026,0,1,wkwkkw jadinya gmn ini conk
DaM_18rj5OO#1563,8197,f4_jul2026,0,1,Mulia ndasmuu..gaji naik 300% tp kerja gak becus
DYR3czaxB9E#4135,4962,f3_mei2026,0,1,Emang negara sakit
DaR6fCMxfe-#1802,29845,f4_jul2026,0,1,Apakah embege hukuman seberat ini juga?
DaNC_lKSytw#6520,25517,f4_jul2026,0,1,Nangis bgt sedih liatnya😭
DYR3czaxB9E#4885,5371,f3_mei2026,1,1,"Udh bener2 jd boss gojek, nyiptain jutaan lapangan kerja, palah milih masuk ke istana, udh jelas isinya busuk2 semua, jd korban kan hmm"
DaNC_lKSytw#361,20650,f4_jul2026,0,29,💔🥀😭
DaM_18rj5OO#1379,8040,f4_jul2026,0,1,@kejaksaan.ri BEGO
DON94SnAD_0#69,67,f1_sep2025,0,1,Korupsinya gimana ceritanya. Di tahun berapa..tiba2 ditangkap
DaM_18rj5OO#5909,11838,f4_jul2026,0,1,🤦
DUdN5deExTD#474,817,f2_awal2026,0,1,Itu pasti orang2 lama yang menerima...sudah terbiasa bermain
DYR3czaxB9E#1607,3558,f3_mei2026,0,1,Semangat Nadim🥺
DaM_18rj5OO#13073,8083,f4_jul2026,1,2,300% gaji 🔥🔥🔥
DaNC_lKSytw#5810,24954,f4_jul2026,1,1,"Dari sekian banyaknya web cuman di KOLEMAX yang infonya benar masa iyah modal 200k naik 18,5jt gilaaa😭🤑"
DYR3czaxB9E#1524,3512,f3_mei2026,0,1,Tumbal nya icobozz
DTVFd_Rk-KJ#53,164,f2_awal2026,0,1,Mulyono gk tersentuh sama sekali gacor🔥
DTVFd_Rk-KJ#174,275,f2_awal2026,0,1,MAXWIN beruntun lagi berkatPULAu777.
DYSQkY4RX2K#56,5496,f3_mei2026,0,1,Tolong Bapak Presiden Bebaskan Nadiem dan Periksa Semua Yang Menjatuhkan Hukuman Kepada Nadiem!
DaM_18rj5OO#4078,10327,f4_jul2026,0,1,Emang udh sagawat itu skrang kondisi indo🥹
DTVFd_Rk-KJ#264,338,f2_awal2026,0,1,"Gak nyangka bisa MAXWIN lagi di PULAu777, luar biasa! ❤️"
DYmUwyLEbx9#306,6361,f3_mei2026,0,1,Penjahat mendapatkan keadilan.. Bazzer menggiring opini..
DaR6fCMxfe-#631,28754,f4_jul2026,3,1,🙌🏻
DUdN5deExTD#1352,1656,f2_awal2026,0,1,Buka semua pak Nadiem.
DaNC_lKSytw#4232,23668,f4_jul2026,0,1,@gojekindonesia ada berapa jumlah ojol saat ini... gak ada niat melakukan apa gt.??
DaM_18rj5OO#10335,15508,f4_jul2026,0,1,Gini yg gaji naek 300% wo @prabowo
DUdN5deExTD#1113,1428,f2_awal2026,0,1,Ini negari apaaaaa?
DON94SnAD_0#110,108,f1_sep2025,1,1,pengalihan isu teroooosssss
DaNC_lKSytw#4654,24012,f4_jul2026,0,1,SAKIT NI SAKIT NEGARA
DaNC_lKSytw#8083,26721,f4_jul2026,0,1,"Awalnya aku kira dia akan bilang, ""harapan saya adalah kepada Presiden"" ternyataaaa tidaaaaaak... Ah Pak Nadiem..doaku malam ini untuk keadilanmu"
DaM_18rj5OO#2736,9204,f4_jul2026,0,1,"tinggal teriak ""hakim anjing"""
DaM_18rj5OO#8245,13794,f4_jul2026,15,1,"Allahuma Qorib Ajaluhum, buat ketua hakim nya 🤲"
DaNC_lKSytw#2225,22081,f4_jul2026,0,1,"Korupsi 271 T cuma pidana 6 tahun, gila yaa hukum konoha"
DUdN5deExTD#1145,1459,f2_awal2026,0,1,Kementrian Mencret😂
DaM_18rj5OO#12437,17224,f4_jul2026,0,1,"Makin ga jelas nih negara, bnyk hukum dan vonis pesenan..😂😂"
DaM_18rj5OO#13695,18266,f4_jul2026,0,1,Inilah knp 2 dr 3 hakim akan masuk neraka
DaR6fCMxfe-#1004,29107,f4_jul2026,0,1,"Simpel aja, menteri Nadim ada atasan ya itu presiden kan jelas perintah nya"
DaNC_lKSytw#9891,28111,f4_jul2026,11697,1,Masih menunggu Mulyono untuk segera diadili😌
DTVFd_Rk-KJ#100,207,f2_awal2026,0,1,Kasus pesanan
DON94SnAD_0#19,17,f1_sep2025,0,1,Alhamdulilah
DaR6fCMxfe-#1328,29414,f4_jul2026,0,1,jujur sudah paham dari awal🙏
DaM_18rj5OO#3652,9976,f4_jul2026,0,2,Buru buru mau sholat taubat itu
DON94SnAD_0#83,81,f1_sep2025,0,1,Periksa juga pemenang pengadaan nya
DaM_18rj5OO#2114,8679,f4_jul2026,0,1,Smoga yang mulia segera di cabut jabatan dan nyawanya sekalian🔥
DTVFd_Rk-KJ#218,313,f2_awal2026,0,2,TerimakasihPULAu777 udah kasih MAXWIN manis malam ini.
DYR3czaxB9E#2220,3891,f3_mei2026,0,4,❤️❤️🥺
DYR3czaxB9E#4052,4908,f3_mei2026,0,1,Indonesia itu jahat yaaa untuk orng2 pintar jenius
DaNC_lKSytw#5809,24953,f4_jul2026,1,3,Akhirnya bisa ngerasain menang besar main di #KOLEMAX maksi bg infonyaa ga sia sia gua nyobain🥹🥹
DYmUwyLEbx9#5,6065,f3_mei2026,198,1,"Narasi dia harvard ga perlu dibawa2 atau ditekankan om. Saya yg lama jadi auditor aja ketawa liat modelan dakwaan jaksa begini. Berkas di split2 untuk ngunci nadiem aja dah jelas kok. Ibam yg cuma konsultan dan ga menga jurkan chromebook pun di vonis salah. Dr situ sudah keliatan arahnya, yg dibidik Nadiem."
DaM_18rj5OO#11841,16730,f4_jul2026,1,1,ganjil banget sikap hakim ketua.
DUdN5deExTD#2,352,f2_awal2026,2254,1,"Guys, itu hanya satu Proyek nya pemerintah yaaa. Dan Proyek Pemerintah bukan cuman satu loh, Pemerintah Nasional hingga Daerah hal seperti itu diatas kemungkinan selalu ada walaupun angka nya beda"""
DON94SnAD_0#33,31,f1_sep2025,5,1,Tuhan Pasti menolong
DaNC_lKSytw#7106,25957,f4_jul2026,0,1,Di sakiti aja dia masih cinta indonesia🥀
DaM_18rj5OO#1608,8238,f4_jul2026,1,1,Hakim dan semua orang yang tumpul terhadap hukum apes sakit jiwa semua turunannya!!! All in pak nadiem
DYR3czaxB9E#2301,3938,f3_mei2026,0,1,Pak semangat ya. Allah pasti berikan keadilan utk org baik 🤲🏻
DaNC_lKSytw#4237,23673,f4_jul2026,0,1,Udaah jangan banyak drama
DYR3czaxB9E#4148,4970,f3_mei2026,0,1,🥹😭💔
DaM_18rj5OO#993,7697,f4_jul2026,0,4,🤬🤬🤬
Dao9wWaDKzY#21,31388,f4_jul2026,0,2,"Sumpah kali ini gw percaya Ama lu bg,Barusan gw berhasil narik 7jt hari ini di ZOYAMAX 🫡"
DaM_18rj5OO#14037,18550,f4_jul2026,0,1,"Rusak negri ini ,gara2 ulah pendukung 02😢"
DaM_18rj5OO#15339,19631,f4_jul2026,1,1,Padahal udah naik 300% loh gaji hakim
DaM_18rj5OO#10929,15989,f4_jul2026,0,1,Hakimnya harus disorot media lebih dalam ini...
DaM_18rj5OO#6258,12139,f4_jul2026,0,1,Usut tuntas dan tindak tegas
DX8xO2EDutM#82,2086,f3_mei2026,0,1,"Pertanda Negeri ini diambang kehancuran karena dikelola oleh orang-orang yang serakah, korup dan Dzolim."
DYR3czaxB9E#1623,3568,f3_mei2026,0,1,"Bongkar semua om Nadiem, nyanyikan keras2"
DYmUwyLEbx9#719,6767,f3_mei2026,0,1,Seperti sedang menyaksikan film Money Heist🔥🔥🔥🔥
DYR3czaxB9E#26,2550,f3_mei2026,3911,1,the real pencipta jutaan lapangan pekerjaan
DUdN5deExTD#26,376,f2_awal2026,547,1,"Gaes klo bisa hindari berbisnis dgn pemerintahan dan BUMN apalg sebelum pelaksanaan udah minta atau matok jatah di awal.. ketauannya bakalan belakangan, 3 tahun kedepan bakalan di periksa.. udah banyak contohnya"
DaM_18rj5OO#1483,8128,f4_jul2026,0,1,Gunanya kalian naik gaji itu kayak gini? @kejaksaan.ri
DaM_18rj5OO#6214,12103,f4_jul2026,0,1,"Jangan sebut yang mulia ,jijik denger nya😂"
DaM_18rj5OO#1935,8521,f4_jul2026,0,1,Kayak gini hasil naik gaji 300% hukum bisa dipermainkan
DYmUwyLEbx9#176,6232,f3_mei2026,0,1,Nadiem tuh cocoknya jadi yg model2 dirut BUMN cthnya kyk PT. agrinas nusantara yg pengadaannya diluar perpres. Orng rekamjejak gacor di swasta dpaksa masuk eksekutif main d birokrasi ya jadinya gini cth aj kyk tom lembong
DaM_18rj5OO#2806,9264,f4_jul2026,0,1,"Dah cair itu, makanya buru buru"
DaNC_lKSytw#5621,24806,f4_jul2026,0,1,Bebaskan yg tidak bersalah
DX8xO2EDutM#23,2033,f3_mei2026,1109,1,"Dear Pak Presiden @prabowo , nggak malu? Kasus ini udah bukan ekspos Nadiem doang pak, ini udah kasih liat dunia kalo Indonesia korup hukumnya. Mending anda cek aliran rekening jaksa dan presiden sebelumnya🙌"
DaNC_lKSytw#6499,25497,f4_jul2026,0,1,"Sabar pak Nadin, Tuhan akan menolong Bpk kami akan mendoakan"
DaM_18rj5OO#7567,13228,f4_jul2026,0,1,"Iya beneran gak mau natap terdakwa lho.. pak @prabowo mas @gibran_rakabuming bantu menagakkan keadilan,,saya yakin dibalik kasus ini bakalan banyak serentetan kasus terungkap para tikus2 kantor"
DYR3czaxB9E#2836,4237,f3_mei2026,0,1,Apakah ini keadilan dan hsl dr k jujuaran.Sangat menyakitkan 😭😭😭
DYR3czaxB9E#7,217,f3_mei2026,343,49,Pak Nadiem 💔😢
DaM_18rj5OO#5203,11255,f4_jul2026,0,1,hkum knnto...
DaM_18rj5OO#5179,11234,f4_jul2026,0,1,Ada gak sih hakim yg jujur
DaNC_lKSytw#8321,26905,f4_jul2026,0,1,hanya Allah yg Maha Adil dan Bijaksana..terus berharap sama Allah pak😢
DaNC_lKSytw#245,20541,f4_jul2026,0,1,RI 1 skrng bs diharapkan kah😢
DUdN5deExTD#584,922,f2_awal2026,0,1,brati abis ini Nadiem bebas kan?
DaNC_lKSytw#2901,22610,f4_jul2026,1,1,Semangat pak kita selalu support bapak kita
DaM_18rj5OO#7499,13169,f4_jul2026,0,1,Kira2 di bayar berapa hakimnya ya ?💔
DaM_18rj5OO#9956,15199,f4_jul2026,1,1,Kenapa naik gajih hakim ? biar bisa kaya gini.
DUdN5deExTD#1194,1505,f2_awal2026,0,1,Duit receh itu bagi Nadiem. Knp hrs tersangka?
DYmUwyLEbx9#220,6276,f3_mei2026,0,1,Kebijakan dalam situasi pandemi
DaM_18rj5OO#1785,8396,f4_jul2026,0,1,Kacau dah ini negeri😢
DaM_18rj5OO#2257,8794,f4_jul2026,0,1,"I am appalled. Government and the country's juducial shame on international display, and yet, they hold their heads high with pride. SHAMEFUL."
DaNC_lKSytw#1229,21348,f4_jul2026,0,1,😭😭 ya Allah ya Rabb bukakanlah pintu hati pemimpin2 Negri tercinta ini..lembutkanlah hati mereka dan Tolonglah orang2 yg terjolimi yg berada si jalan yg benarAamiin...Aamiin Allahuma Aamiin🤲🤲🤲
DaM_18rj5OO#7697,13335,f4_jul2026,0,1,yahhh ngibrittt njirrr
DUdN5deExTD#1057,1377,f2_awal2026,0,1,"""anak anaknya butuh laptop."" Maksudnya anak siapa ya? Kq baik amat belikan anak org laptop 🔥 semoga ada secercah sinar keadilan utk pak Makarim 🙏"
DaM_18rj5OO#1418,8071,f4_jul2026,0,2,DZALIM BGT
DaNC_lKSytw#3598,23161,f4_jul2026,0,1,God is good❤️
DaM_18rj5OO#11854,16743,f4_jul2026,0,1,Bener2 butuh sosok vicenzo di negeri ini
DaM_18rj5OO#3070,9485,f4_jul2026,0,1,Paaak.. semoga Allah selalu bersamamu 🥲🤲
DYR3czaxB9E#2804,4223,f3_mei2026,0,1,"Jutaan orang terselamatkan dengan sesuatu yg dibuat Pak Nadiem, tapi ini balasan pemerintah ke dia... (Pemerintah bukan negara ya ges )"
DaNC_lKSytw#9166,27550,f4_jul2026,0,1,"INI VISI PRESIDEN, MENTRI TIDAK PUNYA VISI !!!! SERET JOKOWI SECEPATNYA KE PENGADILAN 🔥🔥 JANGAN ANAK BUAHNYA TERUS JADI TUMBALLL,...JAHANAM LU PADA HAKIM"
DaM_18rj5OO#12644,17394,f4_jul2026,0,2,🥀🇮🇩
DaR6fCMxfe-#2431,30421,f4_jul2026,0,1,🤯👀
DaM_18rj5OO#12298,17116,f4_jul2026,0,1,Aahh geramku🙌
DaNC_lKSytw#8138,26766,f4_jul2026,0,1,#TANGKAPDANADILIJOKOWI🔥🔥
DYmUwyLEbx9#466,6516,f3_mei2026,0,1,mau giring opini ya😂
DaNC_lKSytw#4636,23996,f4_jul2026,0,1,😭😭😭🙏🙏🙏💔
DaM_18rj5OO#16141,20302,f4_jul2026,10675,1,Hakim ketua = Wakil Tuhan. Semoga nantinya bisa dipertanggung jawabkan
DaNC_lKSytw#7751,26460,f4_jul2026,0,1,😢💔❤️‍🩹
DaM_18rj5OO#10846,15918,f4_jul2026,0,1,Kenapa sih uang rakyat dibayarkan untuk hakim2 yang zholim ini🔥
DaM_18rj5OO#5969,11895,f4_jul2026,0,1,dimana letak keadilann bagi rakyat
DaR6fCMxfe-#2749,30715,f4_jul2026,0,1,BENER BANGET YG ABANG INI SAMPAIKAN. MAKA WAJARLAH NADIM DIHUKUM BERAT! ( BUAT YG PAHAM AJA)
DaR6fCMxfe-#2574,30557,f4_jul2026,1,1,Skill komunikasi mas nya bagus 👍🏻
DaM_18rj5OO#8502,14006,f4_jul2026,0,1,Dah keliatan permainan nya
DX8xO2EDutM#310,2281,f3_mei2026,0,1,Mampus2 investor asing pada cabut takut hukum gaje disini Indonesia bapuk 2045😂😂
DON94SnAD_0#42,40,f1_sep2025,7,1,tp diswkolqh anak saya bermanfaat kok.sekarang bs dibuat belajar coding tanpa siswa membawa laptop sendiri
DaM_18rj5OO#15625,19862,f4_jul2026,1327,1,Suudzonku hakimnya disuap gak sih?
DaNC_lKSytw#5817,24959,f4_jul2026,1,1,"Baru tau ada we se gacor ini maksi #KOLEMAX , berkat man di sini gua bisa beli baju mewah🤤😘 inima"
Dao9wWaDKzY#3,31376,f4_jul2026,0,3,"Alhamdulillah siang”gini di kasih menang 7,2jt di ZOYAMAX 💸🥰"
DYR3czaxB9E#3312,4497,f3_mei2026,0,1,😭😭🤣
DUdN5deExTD#1510,1807,f2_awal2026,0,1,"Ya Allah, tolong lekas azab para pejabat korup itu, Ya Allah. Saya sudah tidak kuat 🔥🔥🔥🔥🔥🔥"
DaM_18rj5OO#2686,9163,f4_jul2026,0,1,"""yang mulia"" ganti aja jadi ""yang TERMULia"""
DaNC_lKSytw#4832,24158,f4_jul2026,0,1,Bye. 🙏
Dao9wWaDKzY#11,31382,f4_jul2026,0,2,"Nah ini dia yang bikin gw narik kemaren,emang ngak bisa di ragukan lgi dehhh #ZOYAMAX"
DaM_18rj5OO#10918,7024,f4_jul2026,5572,17,Mulia ?
DaM_18rj5OO#9269,14637,f4_jul2026,0,1,apa gak malu ya
DaR6fCMxfe-#1540,29614,f4_jul2026,2,1,Dulu emang heran harganya mahal bgt pdahal cmn Chromebook. Tinggal di cari aja duitnya kmn. Periksa smuanya jgn cmn Nadiem 👍
DUdN5deExTD#857,1182,f2_awal2026,0,1,"Bahaha, terlepas apapun hasilnya. Nadiem ini ngancurin pendidilan Indo selaama 5 tahun 😂😂😂"
DYmUwyLEbx9#237,6293,f3_mei2026,0,1,"Yah simpel nya sih, Nadiem membuat para koruptor di bidang pendidikan kehilangan celah untuk korupsi.simpel aja kok"
DaNC_lKSytw#8748,27222,f4_jul2026,0,1,Apa sdh putusan vonis ya? Brp th ? Serius tanya
DaNC_lKSytw#5735,24898,f4_jul2026,0,1,Kalo ternyata aliran dananya ke jokowi biar kualat 7 turunan jokowi dan keluarga
DYSQkY4RX2K#600,5991,f3_mei2026,170,1,Mentri pak jokowi yg aman Sri Mulyani 😂
DaR6fCMxfe-#1574,29642,f4_jul2026,0,1,"Koment yg g paham, Fomo, Buzzer Banteng dan Pendukung Anies : Nadiem dikriminalisasi, dia org pintar dan berkontribusi, boleh Korupsiiii 😄😄 Komen Pemain : Hahaha, Nadiem mainnya kurang Cantik"
DUdN5deExTD#875,1200,f2_awal2026,0,1,"See?ga selalu kalo bawah yang salah atasnya juga salah,sepeti nadiem atas sehat bawahnya busuk semu, kayak kena diabetes anj😂"
DaNC_lKSytw#4652,24010,f4_jul2026,0,1,@channelnewsasia @cnn @straits_times @bbcnews @nytimes @internationalcriminalcourt @unitednations
DaM_18rj5OO#3949,10217,f4_jul2026,0,1,Bosnya nadim jokowi biar aman
DYR3czaxB9E#1202,3314,f3_mei2026,0,3,💔💔💔💔🥺😢😭
DUdN5deExTD#958,1280,f2_awal2026,0,1,"Gara"" jokowi anjg"
DaM_18rj5OO#3186,9587,f4_jul2026,1,1,Ternyata titipan
DaM_18rj5OO#249,7051,f4_jul2026,0,1,"Sakittt, sampe ke hakim hakim nyaaa sakit 💔"
DaM_18rj5OO#175,6989,f4_jul2026,0,1,"Di zolimin manusia ❎ di zolimin negara ✅ . Jika pengadilan dunia tdk bisa menegakkan kejujuran , kelak pengadilan akhirat lah yg akan menunjukkan kebenarannya !!!"
DaM_18rj5OO#7827,13443,f4_jul2026,0,1,"buru buru amat, ga sabar mau cairin dana kah"
DaM_18rj5OO#10810,15888,f4_jul2026,0,1,💔💔 😏😏
DYSQkY4RX2K#553,5944,f3_mei2026,2882,1,Ikn merugikan negara kok Jokowi GK di adili
DaM_18rj5OO#13644,7477,f4_jul2026,4592,9,Yang (TIDAK) mulia
DaNC_lKSytw#3081,22751,f4_jul2026,0,1,Aneh. Ada koruptor kok dibela 😂😂😂😂😂😂😂
DYR3czaxB9E#1111,3267,f3_mei2026,0,1,mau Gimna ya.. Semua sdh takdir dan sudah terjadi 🥲🥲
DYR3czaxB9E#3279,4480,f3_mei2026,0,1,pak bikin aja aplikasi gojek yg baru .. yang bapak ownernya lagi pak
DYR3czaxB9E#2974,4314,f3_mei2026,0,1,Tuhan sertai pak nadiem indonesia tidak baik2 saja🥹
DaR6fCMxfe-#2131,30146,f4_jul2026,0,1,"Nah.. Uda jelaskan, orang pintar otaknya dipakai buat minterin hahaha lol"
DYR3czaxB9E#1288,3363,f3_mei2026,0,1,"aneh bngt Indonesia, edan"
DaNC_lKSytw#7952,26620,f4_jul2026,0,1,Mereka tidak percaya akan tuhan jika mereka percaya dari dulu pasti ada keadilan😢
DON94SnAD_0#44,42,f1_sep2025,0,1,di kantor klo salah sop ada yg disuruh mengundurkana diri ada yg tetap baik2 aja..tergsnstung lobi an....
DaM_18rj5OO#4826,10941,f4_jul2026,0,1,Wah...nggak bisa ini..pengadiilan negara Indonesia sdh bener2 tdk bener banget ini..ayo yg lainnya kok liat aja...kebeneran itu hrs dipertahankan dan ditegakkan...masa semuanya bungkam sih...😭😭
DaR6fCMxfe-#1028,29129,f4_jul2026,0,1,@baskaraedwin
DaM_18rj5OO#4848,10960,f4_jul2026,0,1,Klo ujung2nya Grasi... Lumayan modal 2029
DaM_18rj5OO#11938,16814,f4_jul2026,0,1,"Jujur kematian para hakim itu sudah didepan mata mereka, karena Hakim tidak adil, akan diperlihatkan dosa""nya di Dunia apalagi di Akherat gak ada ampun."
DYR3czaxB9E#261,2715,f3_mei2026,0,1,Pakkk kudu tak peluuukkk ae pakkk💔
DaM_18rj5OO#3173,9577,f4_jul2026,0,1,bangsad lu pada hakim
DaNC_lKSytw#13,20331,f4_jul2026,7582,1,"Padahal tidak ada aliran dana masuk ke beliau, ngeri bgt ya politik🫣 Mark Up harga sampai merugikan negara 5,26 trilyun kira-kira siapa yah yg diuntungkan?"
DYSQkY4RX2K#199,5626,f3_mei2026,0,1,Siap2 aja beberapa tahun lagi Indonesia bubar
DaNC_lKSytw#12,20330,f4_jul2026,3017,1,Sebenarnya musuh besar pak Nadiem siapa sih?
DYSQkY4RX2K#57,5497,f3_mei2026,1,1,eh ini negara apansihh?
DYmUwyLEbx9#434,6485,f3_mei2026,0,1,"Yg berhak menghitung kerugian negara itu BPK, nah BPK nya aja mengatakan ga ada kerugian negara, ga ada aliran dana dan ga memperkaya orang lain"
DaNC_lKSytw#7461,26237,f4_jul2026,0,1,"Beliau bukan mention presiden, tapi masyarakat Indonesia 🥹🥹"
DaM_18rj5OO#8750,14210,f4_jul2026,2,1,Kasian bapak💔😭😢
DaNC_lKSytw#3692,23237,f4_jul2026,0,1,Buat bapak nadim dan juga kita semua.. mari terus berbuat kebaikan dan teruslah menjadi orang jujur. Insya Allah kita GK AKAN RUGI..
DaM_18rj5OO#13111,17776,f4_jul2026,1,1,"Pertanggungjawaban hakim di akhirat sangatlah berat dan diawasi ketat oleh Allah SWT. Berdasarkan hadis Rasulullah SAW, dari tiga hakim, dua di antaranya akan masuk neraka karena tidak adil atau tidak berilmu, dan hanya satu yang masuk surga karena mampu menegakkan kebenaran. #RIPHUKUMINDONESIA"
DUdN5deExTD#9,359,f2_awal2026,191,1,Tetap tenang pak nadiem krn memang yakin ga salah
DaNC_lKSytw#8881,27326,f4_jul2026,0,1,"I stand by u Pak, doa kami utk Bapak, Gusti ALLAH mboten sare"
DYR3czaxB9E#459,2847,f3_mei2026,0,1,🥹😢💔💔
DaNC_lKSytw#6681,25648,f4_jul2026,0,1,WNI juga bingung mau gimana😭
DaM_18rj5OO#12490,17269,f4_jul2026,1,2,Konyol kan😂😂😂
DaM_18rj5OO#7413,13104,f4_jul2026,0,1,Mau siapapun presidennya udah gabakal ketolong Konoha jalanin hidup ajaa udah paling bener
DTVFd_Rk-KJ#134,238,f2_awal2026,0,1,Ayoo pak Ahok bantu bongkar otak nya🔥🔥🔥🔥
DaNC_lKSytw#7111,25962,f4_jul2026,1,1,"Itulah kenapa di ciptakan akhirat, karena dunia penuh tidak adil. Semangat pak , orang zalim tidak isah dibalas. Pasti jatuh sendiri nanti 🔥"
DX8xO2EDutM#329,2300,f3_mei2026,0,1,"Tim penasihat hukum Nadiem dan para pendukungnya menilai mantan Mendikbudristek tersebut seharusnya dibebaskan dari segala tuntutan hukum karena alasan berikut: Ketiadaan Bukti Materiil (Nol Bukti): Tim hukum Nadiem menyatakan bahwa seluruh tuduhan yang dilemparkan di dalam dakwaan tidak didukung oleh fakta persidangan. Saksi-saksi dan ahli yang dihadirkan dinilai gagal membuktikan adanya penyalahgunaan wewenang secara sengaja. Tidak Menerima Aliran Dana: Nadiem secara konsisten menegaskan tidak ada unsur korupsi maupun kesalahan administrasi yang ia lakukan. Ia tidak terbukti menerima aliran dana korupsi sepeser pun, sehingga tuntutan denda triliunan rupiah dianggap tidak masuk akal dan dipaksakan demi mencegah dirinya bebas. Sentimen Kriminalisasi Inovasi: Kasus ini dianggap memberikan preseden buruk bagi anak muda profesional non-partai yang ingin memajukan transparansi sistem pemerintahan lewat teknologi. Jaksa Penuntut Umum (JPU) menilai Nadiem Makarim bersalah dan tidak layak dibebaskan, sehingga menuntut hukuman berat berupa 18 tahun penjara atas dasar: Kerugian Negara yang Masif: Proyek digitalisasi pengadaan laptop Chromebook dan Chrome Device Management (CDM) tahun 2019–2022 ini dinilai telah merugikan keuangan negara sebesar Rp2,18 triliun. Tindak Pidana Bersama-sama: Jaksa meyakini Nadiem terbukti melakukan korupsi secara bersama-sama dengan para pejabat Kemendikbudristek lainnya melalui penerbitan aturan spesifikasi yang mengunci merek tertentu. Oleh karena itu, ia dituntut membayar uang pengganti hingga Rp5,6 triliun."
DON94SnAD_0#2,0,f1_sep2025,6,1,Chromebook ini sangat berguna. Bahkan saya sangat menyesal tidak mendapatkan bantuan chromebook tersebut. Sekarang kami kesulitan melaksanakan ANBK karena tidak memiliki perangkat. Saya percaya pak Nadiem org baik😢
DaNC_lKSytw#1782,21769,f4_jul2026,0,1,🙏😇🙏
DaNC_lKSytw#5606,24793,f4_jul2026,0,1,percaya nadim 100%
DaNC_lKSytw#5795,24946,f4_jul2026,1,3,Ga nyangka main di KOLEMAX bawa modal 100k di naikin 6jt lumayan lah🤤🤤🤤
DaM_18rj5OO#12272,17095,f4_jul2026,3,1,Padahal dia bantu 19 jt lapangan pekerjaan lewat aplikasi gojek loo😢👏
DUdN5deExTD#1099,1416,f2_awal2026,0,1,"SDM kita tu memang butuh kesadaran. Mereka sering teriak tikus"" , padahal tikus nya ya mereka 😂"
DYR3czaxB9E#4277,5051,f3_mei2026,0,1,"Bapak orang baik.. bapak berhati mulia, Tuhan selalu menyertai mu pak.. RIP HUKUM INDONESA"
DYR3czaxB9E#3204,4439,f3_mei2026,0,1,Ada sosok yg GK mau negara indonesia maju 😂😂
DYR3czaxB9E#154,2638,f4_jul2026,0,2,😢😂😢
DaM_18rj5OO#12966,8281,f4_jul2026,1,5,wah gawat ini😂😂
DaM_18rj5OO#3169,9573,f4_jul2026,0,2,👀👀
DYR3czaxB9E#48,2569,f3_mei2026,4,54,🥹
DaM_18rj5OO#42,6872,f4_jul2026,1,1,"Kalo memang mereka dzolim, tuntut mereka di akhirat pak..!!"
DYmUwyLEbx9#626,6675,f3_mei2026,0,1,Media buzzer nih!! Bahas juga donk tentang undang2 capres cawapres.. atau tentang KPK jadi PNS atau ketika teddy jadi sekretaris presiden... 🥱🥱🥱🥱
DaM_18rj5OO#16146,20306,f4_jul2026,44519,1,Terang terangan banget kejanggalannya 😢
DaM_18rj5OO#1890,8487,f4_jul2026,1,6,ga ada mulia mulia nya
DYR3czaxB9E#5000,5436,f3_mei2026,0,1,: لَّا إِلَٰهَ إِلَّآ أَنتَ سُبْٰنَكَ إِنِّى كُنتُ مِنَ ٱلظَّٰلِمِينَ 💔
DaM_18rj5OO#8280,4765,f4_jul2026,1,6,negara sakittt
DaNC_lKSytw#6058,25147,f4_jul2026,0,1,"Mungkin bisa dibantu up kak? Siapa tau bisa masuk berita inter, biar semua tau @itsindahg"
DYR3czaxB9E#3758,4736,f3_mei2026,0,1,Jaksanya di BAYAR berapa??? Dia jadi tumbal siapa??? Bobrok sekali sistem hukum 😢😢😢😢💔💔💔💔
DaR6fCMxfe-#1687,29747,f4_jul2026,0,2,💯💯💯💯💯
DYmUwyLEbx9#596,6645,f3_mei2026,0,1,Ya maling tetap aja diproses walau banyak penghalang gk akan mundur sedikitpun hukum gk boleh tunduk dgn opini
DX8xO2EDutM#577,2521,f3_mei2026,0,2,JOKO WIDODO ga diperiksa?
DaM_18rj5OO#2797,9256,f4_jul2026,0,1,Sak boker makonyo kabur
DYSQkY4RX2K#380,5791,f3_mei2026,0,1,"Knp ko pintaran BP dari pada hakim,kalo ta'terma banding aja,kalo banding tetap kasasi,"
DaNC_lKSytw#1258,21372,f4_jul2026,0,1,"Udah di bilangin untuk konsultasi dengan om hotman , beres deh"
DON94SnAD_0#34,32,f1_sep2025,1,1,"Chromebooknya ga bagus menurut saya. Lemot, dan harus nyolok dulu ke listrik, wifinya juga suka eror. Barang banyak tapi ga bagus"
DaM_18rj5OO#14925,19294,f4_jul2026,0,1,"Jokowow sedang beraksi, Pak"
DaNC_lKSytw#1446,21511,f4_jul2026,0,1,Ke Jokowi lah om
DaM_18rj5OO#2223,8766,f4_jul2026,0,1,Muka Pak Nadiem 😭😭💔💔💔
DaM_18rj5OO#2157,8714,f4_jul2026,0,1,"Allah maha adil, pak Nadiem."
DYR3czaxB9E#755,3052,f3_mei2026,0,1,3.1 millions gojek drivers in the streets 🔥
DaNC_lKSytw#7966,26632,f4_jul2026,0,1,"RIP Justice, tidak terbukti namun tetap di vonis"
DTVFd_Rk-KJ#255,331,f2_awal2026,0,1,Setiap kali main diPULAu777selalu ada aja JP manis ❤️
DYR3czaxB9E#4304,5066,f3_mei2026,0,1,Tetap semangat Pak🙏 semoga Tuhan menolong kita semua
DUdN5deExTD#873,1198,f2_awal2026,0,1,slide 5 koq lucu...emang bisa gitu dibalikin trus gak di proses lbh lanjut 😂
DaR6fCMxfe-#10,28181,f4_jul2026,327,1,Pendukung Koruptor SAKIT
DaNC_lKSytw#9895,28115,f4_jul2026,791,1,"Minta tolong sama Tuhan aja,sebab dia maha penguasa seisi Dunia ini,😢"
DaR6fCMxfe-#2157,24283,f4_jul2026,1,16,👍👍👍
DaM_18rj5OO#4128,10367,f4_jul2026,0,1,"Dan bila para pemimpin mereka tidak melaksanakan hukum Allah yang terkandung dalam al-Quran dan tidak mau menjadikannya sebagai pilihan, maka (di saat ini) Allah akan menjadikan peperangan di kalangan mereka sendiri,’ (HR. Ibnu Majah)"
DaM_18rj5OO#7746,13378,f4_jul2026,0,1,Jijik bgt smaa hakim dan jaksa dzolimmmm😭😭😭
DYR3czaxB9E#1220,3327,f3_mei2026,0,1,Miris sihh
DYR3czaxB9E#467,2853,f3_mei2026,0,2,💔💔❤️
DaM_18rj5OO#15653,19885,f4_jul2026,0,1,"doain aja , gw yakin di antara jutaan pendukung pak nadiem ada doa yg tembus ke langit ,,pokoknya yakin kun fayakun 🔥🔥🔥"
DaNC_lKSytw#8118,26750,f4_jul2026,0,1,Patah hati. Setiap hari 😭
DaM_18rj5OO#11691,16598,f4_jul2026,0,1,Ada apa dengan negeri ini😢
DUdN5deExTD#524,866,f2_awal2026,0,1,Masukan penjara lakukan lebih drpada binatang semua orang terlibat jangan pandang siapa..jebloskan semua atau tembak kepala satu per satu sprt cina...bangsat mereka !!!
DYmUwyLEbx9#548,6597,f3_mei2026,0,1,"Apakah menabrak aturan itu adalah dipastikan niat jahat ? Bagaimana jika aturan itu sengaja dibuat untuk memuluskan niat jahat ? Buat aturan nya , maka kejahatan akan menjadi legal . Dan penabrak nya dengan niatan baik malah akan menjadi impostor, berbuat baik namun disangka jahat ."
DaNC_lKSytw#1151,21290,f4_jul2026,0,1,"Kebenaran akan menemukan jalanya Pak Nadiem, terima kasih telah memberikan kita pelajaran akan banyak hal. Kami mendoakan mu."
DaM_18rj5OO#11890,16777,f4_jul2026,0,1,stres banget
DON94SnAD_0#22,20,f1_sep2025,0,1,Ga ngerti... apakah sdh terbukti tdk terpakai? ...dan saya pikir banyak bgt projek2 yg akhirnya ga kepakai. Krn kadang mmg banyak kesulitan implementasi IT. Dan butuh waktu yg cukup lama. Kecuali pak Nadiem terbukti menerima keuntungan....mending yg jelas2 menerima keuntungan yg diurusin.
DaNC_lKSytw#1133,21277,f4_jul2026,0,1,🥀😢🔥😭💔🤲😇
DaM_18rj5OO#2262,8799,f4_jul2026,0,2,#negeridagelan
DaM_18rj5OO#10048,15269,f4_jul2026,0,1,bukan mulia tapi anjg
DUdN5deExTD#1231,1542,f2_awal2026,0,1,Laaah.. masa doi senaif itu ttg bawahannya😍😂
DaNC_lKSytw#1590,21623,f4_jul2026,0,1,@jokowi dan @gibran_rakabuming Help
DaNC_lKSytw#9015,27439,f4_jul2026,0,1,"Pembantu presiden dihukum, yang dibantu harus bertanggung jawab"
DaM_18rj5OO#13211,17861,f4_jul2026,4,1,kasih mbg para hakim
DaM_18rj5OO#5845,11782,f4_jul2026,0,1,KAN ADA UANG SUAP MAKANNYA BURU2 PERGI 😏😏😏
DYR3czaxB9E#4755,5305,f3_mei2026,0,1,@prabowo liat ini pak😭
DaNC_lKSytw#2027,21945,f4_jul2026,0,1,Kami bersama nadhim
DON94SnAD_0#82,80,f1_sep2025,37,1,"Maaf bukan bela nadiem, boleh tolong kasih tau dimana letak korupsinya, soalnya ga paham"
DON94SnAD_0#39,37,f1_sep2025,2,1,Hati2 pengalihan isu tuntutan rakyat ke DPR
DaM_18rj5OO#8659,14135,f4_jul2026,16,1,"Bismillah semoga hakim2 ini siksaannya ga nunggu nyampe akhirat, di dunia udah disiksa aamiin ya rabbal aalamiin"
DYR3czaxB9E#4282,5053,f3_mei2026,0,1,"Pak, Allah bersamamu. 💔"
DaM_18rj5OO#13957,18489,f4_jul2026,3771,1,Butuh ada story kek “Taxi Driver” di kasus Nadiem Makarim 😢
DUdN5deExTD#1425,1725,f2_awal2026,0,1,Tersangka kebobrokan pendidikan Indonesia dgn kurikulum buatan nya jd PD goblok kurikulum merdeka saking merdekanya PD gak belajar ga bisa baca ga bisa nulis bisa naik sekolah goblok
DaNC_lKSytw#3256,22896,f4_jul2026,2,1,Miris banget ama hukum di negara ini 😭😭😭😭😭😭😭😭
DYmUwyLEbx9#686,6734,f3_mei2026,0,1,NGGAK PERCAYA 😜
DaM_18rj5OO#1095,7789,f4_jul2026,0,1,di pukul boleh??😐
DaM_18rj5OO#10238,15426,f4_jul2026,5565,1,"Suara yang pakai mic sangat mewakili kita banget. ""Takut yah? Wah gawat ini.."" 🥹"
DYR3czaxB9E#344,2774,f3_mei2026,0,1,"Saya seorang guru honorer di sekolah negeri dengan gaji yang sangat layak untuk 3 sd 5 hari kedepan, di tahun 2013 sd 2015 saya mendaftarkan diri menjadi driver Gojek dengan HP Huawei Y5 dan atribut lainnya seminggu bisa dapet penghasilan kisaran 800rb... Di tahun 2021 bapak Nadiem sebagai ketua Kemendikbud mengangkat ratusan ribu guru honorer se Indonesia dengan tes CAT walaupun diberikan banyak afirmasi dan Alhamdulillah rezeki saya berhasil diprogram ini. Sangat berdampak sekali program dan gagasan dari Bapak Nadiem terhadap perekonomian saya ❤️"
DaM_18rj5OO#14434,18886,f4_jul2026,1999,1,Kita sbg rakyat ga bs bantu apa2 gitu ngeri banget lihatnya 😢😢 org yg berjasa malah masuk penjara.orang yg ga jelas asal usul jadi komisaris 🤧🤧 strees bener lihat berita akhir2 ini
DaNC_lKSytw#2567,22349,f4_jul2026,0,1,Udah lah pak..tobat aj..kalo udah masuk perangkap joko
DUdN5deExTD#1344,1648,f2_awal2026,0,1,Jokowi diadili woiii parah bener emang
DaNC_lKSytw#9448,27759,f4_jul2026,0,1,Berharap hanya kpd Allah Pak Nadiem.
DaM_18rj5OO#11218,16219,f4_jul2026,0,1,5. KEADILLAN SOSIAL BAGI SELURUH RAKYAT INDONESIA @prabowo hilang yah?
DYSQkY4RX2K#570,5961,f3_mei2026,0,1,Gue gak bisa kebayang bangun-bangun tiba tiba dituntut gak jelas gini. Bisa bisa bund1r sih gue
DYR3czaxB9E#2266,3918,f3_mei2026,4,1,Pelajaran jadi orang Indonesia: Ga semua orang yang masuk penjara itu jahat.
DaM_18rj5OO#14865,19246,f4_jul2026,0,1,hukum akhirat menanti para hakim
DX8xO2EDutM#549,2497,f3_mei2026,0,1,AYO USUT ALIRAN UANG DI JAKSA NYA
DON94SnAD_0#103,101,f1_sep2025,115,1,Alhamdulillah chromebook ini bermanfaat bgi km guru dan siswa dskola... plus dapat id belajar gratis dr gmail yg bs di pke pro di bbrp aplikasi berbayar contohx canva pro... smoga eks mas menteri tdk dijadikan kambing hitam...
DaNC_lKSytw#4140,23590,f4_jul2026,0,1,🔥🔥🔥🔥 🙏🙏🙏🙏
DaNC_lKSytw#6180,25242,f4_jul2026,0,1,Sekelas bpk nadiem aja smpai dgniin ya..apa lgrakyat biasa lngsung tangkep2 ...
DaNC_lKSytw#8337,26919,f4_jul2026,0,1,GPP dim.sabar aj.uang sdh bnyak..aman 7 kturunan lah temen2 gue.ad yg 20 THN bhkan.mn udah susah ekonomi ny.hrus mendekam lama.g kbyang
DYmUwyLEbx9#435,6486,f3_mei2026,0,1,Klo hrs lewat daerah...ya uda ga usa ada posisi mentri2 lainnya...bisa2 setiap pengadaan mentri nya di giniin semua
DaM_18rj5OO#8143,13708,f4_jul2026,0,1,😖💔💔
DaNC_lKSytw#2889,22602,f4_jul2026,0,1,Pak hakim leebih takut di duniawi yaa pak drpd di akhirat?
DUdN5deExTD#1321,1626,f2_awal2026,0,1,"Proyek 3T, Terimakasih Terimakasih Terimakasih"
DaM_18rj5OO#12206,17036,f4_jul2026,0,1,Hakim macam apa itu 😂
DaM_18rj5OO#1915,8505,f4_jul2026,0,1,Yang mulia bersiaplah merasakan karma atas doa org yg terdzolimi..ntah itu utk dirimu atau utk keluargamu...cepat atau lambat akan terjadi... percayalah
DaNC_lKSytw#5819,24960,f4_jul2026,1,1,"makasi KOLEMAX Cuman di #KOLEMAX modal 200k bisa jadi 16jt, thanks KOLEMAX🥰💸💸 Memang terbaik KOLEMAX, kasih meneng jumbalahnya di luar ekspektasi gua hahah📸💸💸"
DaM_18rj5OO#6133,12033,f4_jul2026,0,1,Sekelas mantan mentri lho ini dibikin kagak berdaya.. apalagi rakyat jelata nasib2 jd org indo wkwkwkwk
DYmUwyLEbx9#552,6601,f3_mei2026,0,1,"Its ok kalo gak bebas, tapi untuk ganti rugi dan masa tahanan yang menurut rakyat tidak adil. Dan jika di sejajarkan dengan kasus korupsi lain. Itu tidak masuk akal"
DX8xO2EDutM#419,2378,f3_mei2026,0,1,"Udah kayak gini, masih percaya sama rezim Prabowo? Sejak jadi presiden penerapan hukum makin carut marut 😂😂"
DaM_18rj5OO#15475,19747,f4_jul2026,4072,2,"Ya Allah,ga kuat aku liat raut wajah pak Nadim 😭😭😭"
DaM_18rj5OO#14589,19005,f4_jul2026,0,1,"Hakim edan .. Aneh tur wagu!!! Semangat Pak Nadiem, uda pintarnya dan cerdasnya jenengan ga usah ikut politik atau apapun demi negara, selama pemerintahan Wowo ma Gibran dibawah kapasitas mereka gilak semua, ga mutu !!!!!"
DYR3czaxB9E#534,2906,f3_mei2026,0,1,Pak Nadiemmm😭😭😭💔
DYR3czaxB9E#390,2806,f3_mei2026,0,1,Dunia sangat kejam pak...💔💔💔💔
DaM_18rj5OO#15861,20068,f4_jul2026,0,1,Rusak hukum indonesia di tangan klian para setan
DaR6fCMxfe-#847,28956,f4_jul2026,0,1,wtf lu dim
DUdN5deExTD#271,615,f2_awal2026,0,1,Bawahan skrg emg g tau diuntung pak
DaR6fCMxfe-#3241,31177,f4_jul2026,0,1,"Tapi aneh bnyak artis2 yg bela koruptor ini, dongo ap gmna si😂"
DaM_18rj5OO#15817,20031,f4_jul2026,0,1,Tuhan beserta pa nadiem❤️
DaM_18rj5OO#6061,11972,f4_jul2026,0,1,Ga pernah semuak ini lihat org beginii😢😢😢
DYR3czaxB9E#2658,4138,f3_mei2026,0,1,🙏🏻🙏🏻🙏🏻
DUdN5deExTD#1436,1736,f2_awal2026,0,1,😂😂😂😂 bancakan rame rame bawahan e
DYSQkY4RX2K#261,5684,f3_mei2026,0,1,"Pak, ada kakak yang bisa nguliahin adeknya dari pekerjaan yang disediakan bapak. Ada orang tua yang mampu nyekolahin anak2nya karna pekerjaan yang disediakan bapak. Ada suami yang mampu menafkahi istri dan anaknya secara cukup dalam kesehariannya karena pekerjaan ini juga. Disaat terpuruk secara ekonomi keluarga, mereka banyak yang kerja jadi driver gojek untuk memenuhi kebutuhan sehari2nya. Makasih udah mengurangi angka kriminalitas yang ada di negeri ini, aku berharap kedepannya semakin banyak orang seperti bapak, di masa depan indonesia yang sakit saat ini. Semoga bapak sehat selalu, mungkin komen ini gabakal kebaca tapi setidaknya udah bisa ku utarain. Semoga aku bisa jadi orang hebat seperti bapak."
DaNC_lKSytw#9957,5078,f4_jul2026,457,2,"Kasus sederhananya seperti ini : Nadiem yang pada saat itu menjabat sebagai mendikbudristek meloloskan program digitalisasi pendidikan, yaitu pengadaan Chromebook dari Google senilai 9,3 triliun, jadi seolah-olah Google sebagai PEMENANG TUNGGAL, padahal harus ada proses tender dan segala macem, dan ternyata Chromebook dinilai gagal manfaat sehingga menyebabkan kerugian 1,98 triliun, dan asal kita tahu, Google adalah investor Gojek, Gojek adalah buatan Nadiem, kekayaan Nadiem melonjak 3,64 triliun dr 2019-2022, di situ masalahnya, sekian dan terima kasih"
DaM_18rj5OO#14745,19143,f4_jul2026,0,1,"Hakim cuek kaya gitu, cuekin juga hukumannya, rakyat bersama pak nadiem"
DaM_18rj5OO#8596,14085,f4_jul2026,0,1,Sikap para hakim sangat menyedihkan😢
DaM_18rj5OO#2539,9038,f4_jul2026,0,1,Keciri banget ada kepentingannya
DaM_18rj5OO#2537,9036,f4_jul2026,0,1,Jadi apa negeriku ini 😭
DaR6fCMxfe-#389,28533,f4_jul2026,0,1,Yg ngebela goblok
DaM_18rj5OO#16120,20283,f4_jul2026,13246,1,"Manfaat gaji hakim naik 300% , ya biar bisa gitu"
DaM_18rj5OO#11978,16819,f4_jul2026,1,3,.p p
DaNC_lKSytw#4259,23688,f4_jul2026,0,1,"Setelah gaji hakim naik hampir 300%, keadilannya juga makin gacor ya😂🥀"
DaR6fCMxfe-#2699,30675,f4_jul2026,0,1,"Edukasi buat para FOMO, Top markotop 👍🔥😂"
DaR6fCMxfe-#3186,31123,f4_jul2026,0,1,"minta korupsi diberantas, udh dilakuin malah diprotes... gilaa kali yaa warga negara"
DTVFd_Rk-KJ#110,216,f2_awal2026,0,1,"E-katalog, bukannya masih bisa diedit edit harganya? Atau ada persetujuan kalo edit?"
DaM_18rj5OO#16116,20279,f4_jul2026,4442,1,"Semoga hakim dan jaksa yg memaksakan menghukum nadiem di balas dengan instan oleh allah, ingat dunia akan bekerja dengan caranya, terutama orang dibelakang ini semua, amin ya allah"
Dao9wWaDKzY#12,31383,f4_jul2026,0,2,Mantap link paling amanah #ZOYAMAX
DaM_18rj5OO#136,6960,f4_jul2026,0,1,Negri kita sedang sakit
DaM_18rj5OO#8684,14156,f4_jul2026,0,1,"Gila, hakim caaerrrr"
DaNC_lKSytw#9921,28133,f4_jul2026,21664,1,Jd hakim itu pertanggungjawaban di akhiratnya ngeri banget 🙌😢
DaNC_lKSytw#2221,22078,f4_jul2026,0,1,bapak di kambing hitamkan perusak di Indonesia slma 10 thn ini
DaM_18rj5OO#415,7198,f4_jul2026,0,1,Hukum Indonesia bisa dibeli dan semuanya hancur banyak orang baik di hukum tidak jelas padahal mereka bisa memajukan negara
DYSQkY4RX2K#350,5766,f3_mei2026,0,1,Kasiannya nadim Lah... 😢😢
DaM_18rj5OO#8621,14106,f4_jul2026,0,1,Keweden
DYR3czaxB9E#601,2949,f3_mei2026,0,1,dimana letak adil yang ada di pancasila itu?
DaNC_lKSytw#4165,23610,f4_jul2026,0,1,🥺💔🥀
DYR3czaxB9E#2210,3886,f3_mei2026,0,1,Pak Nadim Allah insyaallah akan menolong mu
DaR6fCMxfe-#2404,30396,f4_jul2026,0,1,"Lucu nya ketika mreka tereak2 berantas korupsi, tp di sisi lain mreka meromantisasi seorang koruptor. Mati2an ngebelain koruptor yg permainan nya sangat cerdas dan smooth 😂😂😂"
DYR3czaxB9E#1876,3707,f3_mei2026,0,1,Semoga pak nadim mendapat keadilan dan kebaikan
DaM_18rj5OO#16152,20312,f4_jul2026,1508,1,"Info nama"" hakimnya, tandain"
DaM_18rj5OO#15800,20017,f4_jul2026,0,1,"anjeng,,, anjeng,,, anjeng,,, babi @maell_lee 😂😂😂"
DYR3czaxB9E#732,3036,f3_mei2026,0,1,"Sedih liat nya orang baik seperti bang Nadiem jadi tumbal orang"" yg gk bermoral semoga bang Nadiem diberi kesabaran dan kesehatan sama Allah"
Dao9wWaDKzY#23,31389,f4_jul2026,0,2,"Gw bawah 200k doang jdi 5,4jt padahal cuma main bentr doang d #ZOYAMAX🥰🥰"
DaNC_lKSytw#6883,25799,f4_jul2026,0,1,Kenapa tidak minta Bang Hotman Paris menjadi Kuasa hukumnya yah??? Bang Hotman pernah bersuara untuk Pak Nadim kalau sy tidak salah ingat
DYmUwyLEbx9#501,6550,f3_mei2026,0,1,"dana DAK dan BTT itu jangan sampai disalahgunakan, BPK akan menanti mu 😂😂"
DaNC_lKSytw#5811,24955,f4_jul2026,1,2,"Makasih banget yang ngasih info web KOLEMAX, gua di kasih menang 9,5jt lumayan😁"
DON94SnAD_0#4,2,f1_sep2025,1,1,Konoha memang aneh. Benci
DYR3czaxB9E#2637,4127,f3_mei2026,0,1,"Pak .. Tuhan tidak tidur, yang benar pasti akan dibela, semangat pak"
DaM_18rj5OO#7900,13506,f4_jul2026,0,1,Kerjaannya jkw
DaM_18rj5OO#6643,12461,f4_jul2026,0,1,"Hak kita di ambil, hak kita di cabut 😭 ya Allah.."
DaNC_lKSytw#6808,25749,f4_jul2026,0,1,Salah sendiri temenan sama jokowi 😂😂😂😂
DUdN5deExTD#1215,1526,f2_awal2026,0,1,Sungguh aneh tapi nyata dan ini ada di negri konoha 👏👏👏
DaNC_lKSytw#516,20779,f4_jul2026,0,1,"Pak Prabowo pak Jokowi pak kdm pak Ahok, cobalah telaah lagi, masa yang jujur ditindas kekuasaan, bantu monitor lah para penguasa sehat, harusnya kejujuran, kebenaran diatas kekuasaan lah, ikuti nurani sebagai manusia, di dunia cuma tamu umur palingan 70 doangan... Ya ampun... Kasian itu anak negeri, yang negerinya berharap bahkan sudah berjuang, memajukan negeri ini"
DaNC_lKSytw#7631,26369,f4_jul2026,0,1,"Kalau Bapak. Memang Korban Laporkan orang yg dengan Sengaja Mengorbankan Anda Pak, lawan terus sampai keadilan itu ada Dan terang"
DaNC_lKSytw#6517,25514,f4_jul2026,0,1,"ada allah yang maha adil pa ,,,,"
DUdN5deExTD#430,773,f2_awal2026,0,1,Kemana nama2 itu semua sekarang
DaNC_lKSytw#3823,23340,f4_jul2026,0,1,semoga KPK tidak hanya tajam ke bawah melainkan selalu tajam ke segala arah jika itu memang benar tindak penyelewengan meskipun sedikit dan pernah menanam kebaikan yang sangat bermanfaat bagi SDM Indonesia!
DaR6fCMxfe-#38,28209,f4_jul2026,3,1,"Korupsi itu jika ada kerugian negara, dan korupsi itu bkn hanya terima uang secara pribadi tp adanya pelanggaran kewenangan melalui kolusi dgn perusahaan tertentu dgn tujuan menguntungkan diri pribadi dalam hal ini perusahaan si Mantan Menteri. Kecuali Nadiem gak jadi menteri gak ada masalah, tp disini dia menggunakan uang negara"
DaNC_lKSytw#4374,23784,f4_jul2026,0,1,Minta tolonglah ke Alloh SWT ..
DaM_18rj5OO#14140,18637,f4_jul2026,2,1,Sakit sakit sakit sakit
DaM_18rj5OO#16156,20315,f4_jul2026,397,1,Yang mulia??? Apaan mulia..
DaM_18rj5OO#2951,9384,f4_jul2026,0,1,Nyesel jdi WNI
DaNC_lKSytw#8996,27423,f4_jul2026,1,1,beliau yg buka berjuta juta lapangan kerja daripada sekedar omon2 19 juta katanya
DaNC_lKSytw#6046,25138,f4_jul2026,0,1,"berkat anda pak saya di mudahkan sertifikasi guru honorer pd wkt itu, mungkin kl tdk ada kebijakan dr Bpk smpi skr kami blm lulus sertifikasi, s'moga itu menjadi amal jariyah Bpk dan Alloh permudahkan urusan dan mslh Bpk di dunia dan akhirat Aamiin...."
DTVFd_Rk-KJ#171,272,f2_awal2026,0,2,"Hasilnya gak pernah gagal,PULAu777emang gacor! ❤️"
DaM_18rj5OO#3275,9661,f4_jul2026,0,1,Nggak ada mulia2nya 🔥🔥🔥💔💔
DTVFd_Rk-KJ#90,197,f2_awal2026,0,1,"Satu pesan, teknologi yg dipaksakan tpi negara ini blm siap"
DaM_18rj5OO#2842,9291,f4_jul2026,1,1,Hakim2 pengecut krn udah pada disogokk.. dijamin hidupnya hakkm2 itu mulai skrg nggak bakalan tenangg
DUdN5deExTD#1044,1365,f2_awal2026,0,1,Ini cm salah satu permainan di kementerian ya. Sdh bisa buat hidup seRT. Gusti ampuni kami. Berilah petunjuk dan hidayah kepada pemimpin kami
DX8xO2EDutM#14,2024,f3_mei2026,1,2,Ini tuh firasat gue agar pemerintah bisa beli saham Gojek Harga B.U (karna pak nadhim dibuat bangkrut sama tuduhan gamasuk akal) ujung2nya beliau presiden ingin mengabulkan janjinya kepada para driver ojol.. (ini opini pribadi ajasi)
DUdN5deExTD#554,894,f2_awal2026,0,1,"mau siapa pun, mau apa pun proyek pemerintah pasti ada yg model gini, besar atau kecil."
DaM_18rj5OO#6563,12390,f4_jul2026,0,1,astaghfirullah we're cooked 😭
DaM_18rj5OO#176,6990,f4_jul2026,0,1,G malu apa sama PANCASILA di belakangnya 😢
DaM_18rj5OO#514,7277,f4_jul2026,0,1,Mari kita tuntut ketidakadilan dimanapun sampai ke akhirat ya guys ya! 💔
DaR6fCMxfe-#165,28322,f4_jul2026,0,1,Baru paham 😮 wow
DaNC_lKSytw#7445,26222,f4_jul2026,0,1,Semoga keajaiban Mujizat dari yg Maha Kuasa memberi pertolongan segerah.🙏🙏🙏
DON94SnAD_0#74,72,f1_sep2025,12,1,"Ada bukti aliran Dana ke Rekening Nadiem atau tersangka lainnya?, ini dijadikan tumbal. Memang bener harusnya pengusaha tetap di pengusaha saja dan orang pinter yang kerja di luar negeri tetap kerja di luar negeri saja, indonesia gak akan pernah maju"
DaM_18rj5OO#14001,18524,f4_jul2026,0,1,Tag hakim nya mau silaturahmi
DaM_18rj5OO#15208,19522,f4_jul2026,0,1,Hakim dan jaksa pesanan
DYR3czaxB9E#4847,5351,f3_mei2026,0,1,"Dia sedang di uji,semoga segera mendapat keadilan"
DaM_18rj5OO#3878,10159,f4_jul2026,0,1,Sidang serta hakim2 ini cmn titipan dri org yg mengkriminalitas terdakwa
DaR6fCMxfe-#3288,31220,f4_jul2026,0,1,Malah ada yang katanya mau open donasi buat nadiem wkwkwkwk
DaNC_lKSytw#3194,22846,f4_jul2026,0,1,💔🥀🙏😢
DaM_18rj5OO#14916,19288,f4_jul2026,0,1,Kalo belom bisa adil jangan jadi pengadil.. semangat pak Nadiem
DaM_18rj5OO#6466,12307,f4_jul2026,0,1,Biarin aja dia bagitu bentar lagi juga mati.. dan berhadapan langsng sama malaikat
DaM_18rj5OO#14810,19196,f4_jul2026,0,1,"@prabowo , mana keadilan untuk seluruh rakyat indonesia pak?"
DaM_18rj5OO#12601,17357,f4_jul2026,0,2,🇮🇩
DaNC_lKSytw#5354,24578,f4_jul2026,0,1,😭💔🤲
DaNC_lKSytw#94,20397,f4_jul2026,0,1,Minta tolobgnya ke jokowi lah yg angkat dia
DaNC_lKSytw#3431,23029,f4_jul2026,0,1,Dpr ga ada yg bantuin?
DaNC_lKSytw#9670,27942,f4_jul2026,0,1,😩😩🙏🙏
DaM_18rj5OO#6558,12385,f4_jul2026,0,1,"Sepintar pintar nya manusia diperlakukan begini, Hati hati lu beb @raffinagita1717 gacor bgt link keluarga besar lu 😂😂😂"
DON94SnAD_0#91,89,f1_sep2025,4,1,"Kenapa semua kebijakan menteri yg distimulus di era mulyono. Jadi bumerang di kemudian hari? Tapi logikanya nadiem makariem dan tom lembong kemarin, background nya konglomerat, korupsi lagi buat apa? Aneh. Ini semacam ""peperangan politik"" sajakah?"
DaR6fCMxfe-#1756,29808,f4_jul2026,0,1,Dengerin noh @nanamirdad_ @jeromepolin
DaNC_lKSytw#5958,25059,f4_jul2026,0,1,Kapan nih revolusi....?
DUdN5deExTD#1171,1485,f2_awal2026,1,1,Bongkar Tuntas para pengkhianat NKRI yg menerima gratifikasi dg hukuman yg seberatnya dan jangan biarkan pengkhianat Lolos dari JERAT HUKUM Karena Pegang Uang yg telah menyebabkan Nadiem Makarim menjadi TERDAKWA DI BORGOL secara tidak manusiawi yg menyebabkan Anggaran Negara tidak mencapai rakyat yg membutuhkan. NKRI mendpt uang dari keringat rakyat.
DaM_18rj5OO#13947,18479,f4_jul2026,0,1,"Bang NADIEM lw kaya raya bisa berbagai macam bahasa UDAHLAH TINGGALIN AJA INDONESIA TGL DI NEGARA TETANGGA ENAK, drpd kita disini ngg ada privilege apa2 bakalan jadi WNI seumur hidup🥺🥺🥺 @nadiemmakarim"
DaM_18rj5OO#5898,11827,f4_jul2026,0,1,Apa kalian masi ga membuka mata melihat ini 🤣 gemana nasib negri ini ya Allah untuk generasi nanti 😢
DaM_18rj5OO#5334,11366,f4_jul2026,0,1,"trust me, Indonesia akan kena azab"
DaM_18rj5OO#14413,18867,f4_jul2026,0,1,Ada konspirasi apa? Saham gojek?
DaNC_lKSytw#9954,28163,f4_jul2026,7777,1,"Akan tiba saatnya bapak2 hakim itu akan duduk di Mahkamah Allah dan bapak2 itu sdh tidak bisa berbuat apa2 lagi ... semua langsung tercatat dan dibayar tunai di akhirat. Nabi Shallallahu ‘alaihi wa sallam bersabda: ‎الْقُضَاةُ ثَلَاثَةٌ، اثْنَانِ فِي النَّارِ، وَوَاحِدٌ فِي الْجَنَّةِ: رَجُلٌ عَلِمَ الْحَقَّ فَقَضَى بِهِ فَهُوَ فِي الْجَنَّةِ، وَرَجُلٌ قَضَى لِلنَّاسِ عَلَى جَهْلٍ فَهُوَ فِي النَّارِ، وَرَجُلٌ جَارَ فِي الْحُكْمِ فَهُوَ فِي النَّارِ Hakim-hakim itu ada tiga, dua di neraka dan satu di surga : Seorang hakim yang mengetahui kebenaran, lalu dia memutuskan hukum dengan kebenaran, maka dia di surga; Seseorang (hakim) yang memutuskan hukum dengan kebodohan, maka dia di neraka; Dan seorang (hakim) yang menyimpang di dalam keputusan, maka dia di neraka” (HR. Ibnu Majah, no. 2315; Tirmizi, no. 1322; Abu Dawud,no. 3573)"
DaR6fCMxfe-#563,28689,f4_jul2026,0,1,"Penjelasan yang paling mudah diterima👏. Waktu awal kasus bergulir, sy secara pribadi merasa nggak terima karena seperti ada unsur kriminalisasi. Setelah cek & recheck apalagi selepas lihat drama nangis2, bukannya merasa tersentuh tp malah merasa yakin ada sesuatu yg janggal. Dan boom! Jadi banyak yang bela sampai harus open donasi. So funny"
Dao9wWaDKzY#5,31378,f4_jul2026,0,2,"Yee menang lagi gw barusan 8,5jt main d #ZOYAMAX 💸"
DaNC_lKSytw#4321,23743,f4_jul2026,0,1,Kita bantu doa pak.. Semoga Allah selalu melindungi mu dan kluarga mu pak
DON94SnAD_0#54,52,f1_sep2025,12,1,Tom Lembong Part 2 👏 insya alloh segera bebas..
DYR3czaxB9E#1901,3720,f3_mei2026,0,1,"GW GRAB GW DUKUNG PAK NADIEM, 😡😡😡"
DX8xO2EDutM#169,2166,f3_mei2026,0,1,"Leptop chromebook penggunaanny harus memakai internet, kalau dipelosokkan gak da internet, kalau window bisa dipakai tanpa internet.. kenapa gk milih windows ? Hukum mati para koruptor, kami rakyat indonesia sudah sangat sengsara dengan para koruptor🔥"
DaNC_lKSytw#6368,25392,f4_jul2026,0,1,Jokowi tuuh selalu di sebut setiap kasus korupsi kenapa gak pernah di panggil...???!
DaNC_lKSytw#4365,23776,f4_jul2026,0,1,Semoga pejabat yg tidak amanah segera di berikan teguran Oleh Allah SWT Aamiin 🤲🤲🤲
DaNC_lKSytw#2157,22025,f4_jul2026,0,1,Ke tuhan pak nadiem😢insya allah bakal di balas🥀
Dao9wWaDKzY#24,31390,f4_jul2026,0,2,Alhamdulillah WD lagi 5jt di #ZOYAMAX 🩷🤗
DaM_18rj5OO#13886,18430,f4_jul2026,0,1,😭😭😭😡😡😡😡😡😡
DaM_18rj5OO#13357,17989,f4_jul2026,0,1,Secara terang terangan 😢
DaNC_lKSytw#8009,26666,f4_jul2026,0,1,Udah enak-enak JD CEO Gojek malah masuk sarang penyamun😭😭😭
DaNC_lKSytw#5375,24598,f4_jul2026,0,1,Masih menunggu geng solo di adili 🔥
DYmUwyLEbx9#426,6477,f3_mei2026,0,1,"di harvard doang, ga ada relasi. ketawan bgt dramanya"
DaNC_lKSytw#3988,23466,f4_jul2026,0,1,Simak podcast nya Akbar faisal disana jelas bgt dijabarkan bahwa dia telah korupsi..bikin malu lo bro..tadi nya gw bangga sekarang gw jadi geleng2 sm lo bro..asli lo ngaca dan belajar dari angelina sondakh dia ngaku dan minta maaf..ngga gantle lo bro..malu tuh sama angelina sondakh 😁
DYSQkY4RX2K#28,5469,f3_mei2026,1,1,YA ALLAH.......MIRISSS BGT.....PAK NANDI BYK MEMBANTU ORANG KERJA..... Tp ingat Allah gk tidur..... Allah membalas orang2 jahat pasti dunia akheratnya......
DaNC_lKSytw#6004,25098,f4_jul2026,0,1,"Gaji hakim dinaikan, ternyata bukan untuk memutus perkara dengan adil, tapi demi membela kepentingan kekuasaan dan langgengnya praktek buruk politik di negeri ini.."
DaM_18rj5OO#9698,14995,f4_jul2026,0,1,Sudah pada tidak takut sama pengadilan TUHAN
DON94SnAD_0#56,54,f1_sep2025,0,1,"Korban politik yg biadap di negri konoha..jelas2 manfaat nya ada, korupsi tdk ap lgi mnerima uang keuntungan trsebut..pak nadiem ini tdk mgkin korup, integritas ny pasti tinggi..Latar blakang bliaw ini Bpk nya Ketua Komite KPK wktu dlu, Ibu nya bgian dri pembntukan organisasi anti korupsi di zaman dlu. 🙏"
DaM_18rj5OO#145,6966,f4_jul2026,0,1,Yang mulia ingat ada hukum karma
DaR6fCMxfe-#2171,30180,f4_jul2026,2,1,@jeromepolin @marganamahendra @raymondchins
DaM_18rj5OO#3899,10177,f4_jul2026,0,1,Ngapain mulia mulia manusia biadab di kata in mulia🤣
DaNC_lKSytw#8983,27410,f4_jul2026,0,1,Nadiem next President 🤲🙏
DYSQkY4RX2K#566,5957,f3_mei2026,0,1,Kenapa koruptor2 d biarkan begitu saja... Yg harta kekayaannya banyak.
DaNC_lKSytw#5836,24969,f4_jul2026,0,1,SEMUANYA GARA2 @jokowi
DaM_18rj5OO#10957,16014,f4_jul2026,0,1,udah kacau banget hukum di negeri ini
DaM_18rj5OO#12274,17097,f4_jul2026,0,1,Hakimnya kek binatangggg
Dao9wWaDKzY#16,31386,f4_jul2026,0,3,POV : SALDO SISA 300K JDI 20jt🥰maksih ZOYAMAX
DaM_18rj5OO#6812,12603,f4_jul2026,0,1,🤧🥲
DaM_18rj5OO#15843,20053,f4_jul2026,0,1,"anjing anjing yang nurut sama tuan nya, gpp nanti kita buru yah anjing sama tuan nya."
DaNC_lKSytw#318,20610,f4_jul2026,0,1,Lu makan duit sendiri sekarang minta tolong
DaM_18rj5OO#7443,13126,f4_jul2026,0,1,@prabowo wayahe pak kasus.e tolong dikawal Ki mesak.e.
DYR3czaxB9E#766,3060,f3_mei2026,0,1,"Lebih percaya sama profesor dan praktisi hukum daripada mas menteri ini. Entah kenapa belum berpihak untuk membela mas menteri, berbeda dengan kasus nya tom lembong dulu yg nyata2 tidak menikmati sepeserpun dan tidak terbukti korupsi."
DUdN5deExTD#520,862,f2_awal2026,0,1,"Semangat pak nadiem, kalo udh bebas ambil alih gojek lagi ye biar driver nye pada balik makmur lagi 🙏"
DaM_18rj5OO#13710,18280,f4_jul2026,0,1,Katanya YANG MULIA tapi ko sikapnya gaada MULIA MULIA NYA🖕
DaNC_lKSytw#2930,22633,f4_jul2026,0,1,Dulu bangga di jdikan mentri jokowi😂😂 sekarang minta tolong kerakyat😂
DON94SnAD_0#89,87,f1_sep2025,1,1,bener2 deh konoha ini. yg bnr2 korupsi malah enak berkeliaran. yg ga terbukti masukin duit ke kantong malah ditangkap.
DaNC_lKSytw#3715,23257,f4_jul2026,0,1,Jadi hakim gak adil bakalan ditaro di kerak neraka🔥🔥🔥🔥
DaM_18rj5OO#14419,18873,f4_jul2026,0,1,Emang HUKUMBANGSAT
DaM_18rj5OO#10859,15929,f4_jul2026,0,1,"Hakimnya ,, lagi kekenyangan makan duit dari JOKOWI"
DaM_18rj5OO#2270,8807,f4_jul2026,0,1,apakah nilai-nilai pancasila sudah benar-benar diterapkan di Negeri ini? 🤔 (hanya bertanya)
DaR6fCMxfe-#768,28882,f4_jul2026,0,1,Aku masih ga faham tolong jelasin jgn dibully 😢🙏 jadi pak Nadiem korup apa gak teman2?😢
DaM_18rj5OO#1630,8259,f4_jul2026,0,1,Yang mulirenk😹
DON94SnAD_0#115,112,f1_sep2025,2,1,"Program yg jelas baik dan manfaat di anggap korupsi oleh negara ini, yg jelas korupsi di anggap tdk bersalah..."
DaR6fCMxfe-#2805,30769,f4_jul2026,2,1,"tpi kan dy ngambil uang bukan buat diri sendiri,bukan untuk merugikan negara, tapi untuk rakyat"
DaM_18rj5OO#6128,12030,f4_jul2026,0,1,"Keren sih kata2 nya, wkwkwk KENAPA? TAKUT YA?? 🤣🤣🤣"
DaM_18rj5OO#2931,9366,f4_jul2026,0,1,Yang Mulia dari mana pak? Panggil binatang pak binatang
DX8xO2EDutM#223,2206,f3_mei2026,0,4,@kejaksaan.ri ????
DUdN5deExTD#283,627,f2_awal2026,0,1,Nah kan...terbukti. Nadiem cuma tumbal
DYR3czaxB9E#718,3030,f3_mei2026,0,1,😭😭😭 💪💪💪
DaNC_lKSytw#8613,27128,f4_jul2026,0,1,"korupsi timah 300T, bansos triliunan prosesnya bisa smooth penuh kompromi, giliran Nadiem bkin hemat 3,6T lewat ChromeOS gratisan, hukumannya segila ini. the math is completely not mathing! our law enforcement is a certified clown show!!"
DON94SnAD_0#15,13,f1_sep2025,1,1,"Iya kan, bukan pengadaannya tapi krn salah kebijakan. Ngeri aku, beneran sekarang jadi dah mau botak pelajari aturan tkt nanti ada yang ngadu ngadi"
DaNC_lKSytw#7957,26625,f4_jul2026,0,1,Serahkan Allah SWT pak
DUdN5deExTD#814,1142,f2_awal2026,0,1,Kasihan pak nadirm hrs nanggung dosa anak buahnya
DYR3czaxB9E#3377,4532,f3_mei2026,0,1,Astaghfirullah 18 tahun 💔💔💔ada apa dengan keadilan di negeri ini
DYR3czaxB9E#4388,5116,f3_mei2026,0,1,"didzolimi negara sendiri,negara bobrok gini"
DaNC_lKSytw#1853,21820,f4_jul2026,0,1,yg bener di tindas yg salah di rangku
DYR3czaxB9E#4159,4978,f3_mei2026,0,1,😢😢❤️
DUdN5deExTD#616,953,f2_awal2026,0,1,Bayangin masih banyak sekali perilaku korup di negeri ini yg dilakukan oleh pejabat dan aparat.. cm sampai sekarang pelaku2 masih bebas bersenang2 seolah2 perilaku busuk tersebut lumrah..😂😂😂
DUdN5deExTD#1544,1841,f2_awal2026,5,1,Kl dibalikkan keuntungan brarti vendor nya amsiong dong. 😂😂😂😂😂
DaM_18rj5OO#8636,14115,f4_jul2026,0,1,Naudzubillah hakim.bangsa ini yg di sebut wakil tuhan
DYR3czaxB9E#2026,3786,f3_mei2026,0,1,Bukan wiwi bukan planga plongo bukan omon omon yang ciptakan jutaan lapangan pekerjaan dari kecerdasan beliau.
DaM_18rj5OO#4316,10526,f4_jul2026,0,1,Tandain muka2nya tolong tuntut d akhirat
DaM_18rj5OO#9379,14730,f4_jul2026,0,1,Buru2 amat kacaaaau
DaM_18rj5OO#9325,14686,f4_jul2026,0,1,🙈
DaM_18rj5OO#7355,13059,f4_jul2026,0,1,Innalillahi untuk keadilan
DaM_18rj5OO#6610,12429,f4_jul2026,0,1,Ga sanggup banget liat mukanya pak nadim 😢💔
DaNC_lKSytw#1363,21451,f4_jul2026,0,1,Ngeri ya hukum di Indonesia ini...Udah terang terangan ini si...
DUdN5deExTD#1385,1688,f2_awal2026,0,1,😂😂😂😂ANCUR ANCUR ANCUR
DaNC_lKSytw#4059,23523,f4_jul2026,0,1,Tumbal mulyono elmafioso
DaM_18rj5OO#1245,7920,f4_jul2026,0,1,Keadilan rakyat indonesia hanya berlaku di akhir zaman nanti
DaNC_lKSytw#5356,24580,f4_jul2026,0,1,sedih ny 😭
DaM_18rj5OO#6983,12749,f4_jul2026,0,1,Pak @prabowo @gerindra @yusrilihzamhd kok bisa hakim bersikap seperti ini? Kenapa hakim tidak menghormati dan menghargai hak terdakwa untuk menyampaikan sikap atas vonis hukuman yg diterima? Bagaimana hukum di negara ini?? Kami butuh keadilan
DaNC_lKSytw#8920,27360,f4_jul2026,0,1,Pantesan gaji hakim naik 300% yah.. ini kerjaannya?? Membuat bersalah yang tak bersalah
DaNC_lKSytw#6081,25165,f4_jul2026,0,1,Presiden bengaaaaaaaaak
DaM_18rj5OO#5465,11473,f4_jul2026,0,1,Dh sakit ni negara ini @presidenrepublikindonesia
DX8xO2EDutM#302,2273,f3_mei2026,0,1,"udah di jebak, di penjara dimana hati nurani nya"
DaM_18rj5OO#2332,8859,f4_jul2026,0,1,@prabowo bisa liat ini nggakk luu
DaM_18rj5OO#10783,15867,f4_jul2026,0,1,YA ALLAH LAKNAT LAH PARA HAKIM2 TERSEBUT SECEPATNYA DI DUNIA INI... GAK USAH NUNGGU DI AKHIRAT
DUdN5deExTD#110,456,f2_awal2026,0,33,❤️❤️❤️
DYR3czaxB9E#3026,4341,f3_mei2026,0,1,Dunia jahat untuk orang2 baik jingshen pak nadiem
DaNC_lKSytw#8271,26865,f4_jul2026,0,1,Paaak 😭😭😭😭😭😭
DaM_18rj5OO#13380,18010,f4_jul2026,0,1,kelakuan org yg gajinya dinaikin 300% wkwk sakjiw
DX8xO2EDutM#398,2357,f3_mei2026,0,1,Seret Jokowi ke meja hijau sdh fitnah
DaM_18rj5OO#11146,16154,f4_jul2026,0,1,Bah
DYmUwyLEbx9#664,6712,f3_mei2026,0,1,Komen dikit
DaNC_lKSytw#7686,26413,f4_jul2026,0,1,"Pak Nadiem, minta tolong pada Tuhan. Tuhan maha tahu segalanya. Di Indonesia orang jujur itu ajur."
DaM_18rj5OO#4592,10740,f4_jul2026,0,1,miriss bangettt
DaM_18rj5OO#8057,13633,f4_jul2026,0,1,Pada ngga takut tuhan apa yah 😭😭😭
DX8xO2EDutM#394,2354,f3_mei2026,0,1,"Coba balikkan dong, periksa aliran dana ke jaksa, , opsi aja sih wkwk"
DYR3czaxB9E#4098,4937,f3_mei2026,0,1,Pa nadim yg sudah menciptakan lapangan pekerjaan untuk jutaan rakyat indonesia.. Semangat pa
DaM_18rj5OO#14807,19194,f4_jul2026,0,1,"jadi hakim garis ae bos klo pengen buru"" keluar lapangan"
DaR6fCMxfe-#1294,29381,f4_jul2026,0,1,"Aneh Masyarakat Indonesia, teriak teriak berantas korupsi... Pas ada yg ketangkep Koruptor malah dibela habis habisan... Aneh emang Rakyat Indonesia"
DX8xO2EDutM#425,2384,f3_mei2026,0,1,Tuntut balik saja jaksanya
DaR6fCMxfe-#1378,29461,f4_jul2026,0,1,Trims KK . Sangat jelas🙏
DaM_18rj5OO#1502,8144,f4_jul2026,1,1,"Para Hakim dipanggil malaikat Kematian, mereka akan di adili yang Maha Kuasa"
DaM_18rj5OO#7189,12923,f4_jul2026,0,1,KELUARGA HAKIM NYA APA GAK MALU YA
DaNC_lKSytw#8417,26981,f4_jul2026,0,1,"Pak ga ada yg bisa bpk mintai tolong selain kpd allah ,,,semoga bpk sehat selalu semangat trs ya pak dan istri"
DaNC_lKSytw#9224,27589,f4_jul2026,0,1,Orang baik jadi tumbal rezim
DaNC_lKSytw#9173,27555,f4_jul2026,1,1,This country is a joke 😢
DaM_18rj5OO#2393,8912,f4_jul2026,0,3,Siapa nama hakimnya?
DaM_18rj5OO#4531,10692,f4_jul2026,0,1,Kejebak ini kayaknya
DaR6fCMxfe-#1805,29848,f4_jul2026,0,1,"& lucu nya kebanyakan malah membela nadiem hanya karena dia menciptakan gojek,sampai pada nangis2 mereka😂padahal di balik semua itu dia seorang koruptor,tidak ada bedanya sama si dadan,tp yg di hujat malah dadan,si nadiem di bela2"
DaM_18rj5OO#3965,10230,f4_jul2026,0,1,#negarasedangngelawak suka tidak suka inilah Indonesia 😂
DUdN5deExTD#577,916,f2_awal2026,0,58,😂😂😂😂😂
DYSQkY4RX2K#252,5675,f3_mei2026,0,1,gak mau ngabdi buat negara
DON94SnAD_0#108,106,f1_sep2025,1,1,Mendikbud
DaR6fCMxfe-#349,28496,f4_jul2026,0,1,Buzzer sekarang briefing nya gini nyak 😹
Dao9wWaDKzY#30,31392,f4_jul2026,0,1,"Bukan maen jam segini di kasih wd gede 21,5 jt bg ZOYAMAX 🔥💸💵"
DaNC_lKSytw#5751,24908,f4_jul2026,0,1,Ngeri jg ya buzzer yg jelek2in pak nadim
DUdN5deExTD#1048,1369,f2_awal2026,0,1,Lah mas Nadiem sebagai menteri kerja nya apa bisa ngga tau anak buah nya pada ngaco ? Pemimpin yang baik harus nya tau dong
DaNC_lKSytw#7714,26433,f4_jul2026,0,1,Tenang pak nadim jika didunia khususnya Indonesia ini hukum tidak adil dan bpk mmng sadar bahwa bpk tidak bersalah...Allah akan datangkan pertolongan dan Allah akan buktikan kepada mereka yg sdh zolim terhadap kebenaran...Aamiin...
DaNC_lKSytw#387,20675,f4_jul2026,0,1,Jangan takut kalau rakyat dan ojol bergerak untuk membebaskan mu pak Nadiem karena negeri ini penuh tipu dan jual beli keadilan kami mendukung pembebasan pahlawan kehidupan yg telah memberikan lapangan pekerjaan untuk semua orang di negeri ini
DaR6fCMxfe-#1520,29596,f4_jul2026,0,1,Sumpah baru paham🙈
DYR3czaxB9E#4048,4906,f3_mei2026,0,1,🫣🤯
DaM_18rj5OO#15520,19773,f4_jul2026,0,4,Hasbunallah wani'mal wakil
DYR3czaxB9E#4972,5417,f3_mei2026,0,1,YaAllah nangis bgt bapakkkk😭😭😭
DaM_18rj5OO#1789,8399,f4_jul2026,1,1,Bahkan untuk dipanggil iblis jg tidak pantas
DaNC_lKSytw#8248,26844,f4_jul2026,0,1,kalo si dadang' itu kapan nih sidang nya mulai memudar berita nya
DaM_18rj5OO#480,7248,f4_jul2026,0,1,Yang tidak mulia... Gt harusnya
DaM_18rj5OO#11964,16833,f4_jul2026,0,1,"r. r,p"
DUdN5deExTD#571,910,f2_awal2026,0,1,"Hahaaaa ini mah gga heran klo di Pemerintahan, bagian paling yg harus di audit itu bagian PPK klo di Instansi Pemerintahan, kunci nya di mereka krn mereka tau kemana aja itu uang lari nya😂😂😂. Udah bukan hal tabu di Pemerintahan, skrng tinggal berani jujur dan bersih gga 🤣🤣"
DaNC_lKSytw#7142,25985,f4_jul2026,0,1,hasil gaji naik 300% begini????😢
DaNC_lKSytw#4251,23683,f4_jul2026,0,1,kok isoo hakimm memvonis bersalah tp gak ada bukti..negoro hancurr lek hakim muk nuruti seng nduwe duwek..sopo hakimm e jale
DaM_18rj5OO#5399,11419,f4_jul2026,0,1,"Ini mau didiemin serius? SEJELAS INI LOH RUSAKNYA. Masa iya dibiarin ???? Ini TERANG TERANGAN BANGET LO. BUKTI GAADA, DIVONIS DAN DENDA DASAR NYA GAJELAS, SEKARANG SIDANG BELUM SELESAI UDAH DITINGGAL.."
DTVFd_Rk-KJ#64,174,f2_awal2026,0,1,Apa dosa Nadim???
DaM_18rj5OO#15659,19891,f4_jul2026,14806,1,"Ini sekelas pa Nadiem, apalgi rakyat jelata yang masih UMR 😪"
DaM_18rj5OO#5518,11513,f4_jul2026,0,1,spill ig hakim nya dong
DaNC_lKSytw#1562,21600,f4_jul2026,0,1,"haya Alloh yang bisa menolongmu Mas Nadim, karena kami rakyat kecil hanya bisa berdo'a,semoga keadilan dapat terwujud di negara ini"
DYR3czaxB9E#11,2537,f3_mei2026,1,2,😭😭😭💔🔥🔥🔥
DaNC_lKSytw#9880,28102,f4_jul2026,16,1,Siapa tokoh yang sedang dilindungi dari kasus ini?😢
DaM_18rj5OO#10518,15650,f4_jul2026,0,1,Nanti baru ad muncul pahlawan kesiangan.😂 sekenario tinggal di konoha.semoga pak nadiem di beri kesehatan dan kesabaran
DYR3czaxB9E#145,2635,f4_jul2026,0,1,"Ya Allah , banyak orang bersaksi atas kebenarannya .. pak Nadiem semoga Allah segera buka kebenarannya , dan di jauhkan dari fitnah .."
DTVFd_Rk-KJ#221,314,f2_awal2026,0,2,PU L AU 7 7 7emang tempatnya MAXWIN sejati.
DaR6fCMxfe-#3296,31228,f4_jul2026,0,1,Yang dibuat promo dan bakar duit gojek dan Tokopedia dulu dana darimana? Dia kan dapat dana dari Google
DUdN5deExTD#407,750,f2_awal2026,0,1,Itu cuma recehan dari korupsi sebenarnya?
DON94SnAD_0#53,51,f1_sep2025,0,1,"Petanda pemerintah tidak pandang bulu, siapapun jika perbuatannya melawan hukum, harus diproses dan bertanggung jawab..."
DaM_18rj5OO#15448,19725,f4_jul2026,1375,1,Hukum Indonesia Terpuruk di tempat terendah !!!!! Setiap Terdakwa memiliki Hak untuk menyatakan Hak nya Mengapa Hakim meninggalkan Ruang Sidang sebelum Terdakwa menyatakan sikapnya ??????????
DaM_18rj5OO#4702,10835,f4_jul2026,0,1,kasus gaib
DYSQkY4RX2K#450,5854,f3_mei2026,0,1,Jangankan bapak#kita saja merasa dicurangi 😭😭😭😭
DaM_18rj5OO#736,7472,f4_jul2026,0,1,mau buru buru dp aset wkwk
DaNC_lKSytw#7672,26400,f4_jul2026,0,1,Begini banget ya punya pemerintah dan jeroannya
DYSQkY4RX2K#269,5692,f3_mei2026,0,1,Anjing emang para penguasa ini
DaM_18rj5OO#1748,8367,f4_jul2026,0,1,Buah dr memilih pemimpin yg dungu
DaNC_lKSytw#2080,21971,f4_jul2026,0,1,Banyak yg bela ..terutama ojol...sementara guru guru nggak tuh
DaM_18rj5OO#15686,19913,f4_jul2026,1,1,Hakim takut sama penguasa....hakim takut sama yang bayar......tapi hakim tidak akan pernah takut sama allah / tuhannya......jadi jangan pernah bilang hakim itu adalah wakil tuhan
DaM_18rj5OO#617,7360,f4_jul2026,0,1,"sabar ya pak, Allah maha adil pak"
DON94SnAD_0#24,22,f1_sep2025,0,1,Barange ada ga ? Jumlahnya sesuai tidak ? Terdistribusi tepat sasaran ga ? Atau sebatas merk saja yg dilanggar
DaR6fCMxfe-#1808,29851,f4_jul2026,0,1,Gacor juga si muka banci ini korupnya
DaM_18rj5OO#667,7408,f4_jul2026,0,1,"dinegara sakit gini TUHAN aja dilawan oleh mereka, apalagi rakyat"
DYR3czaxB9E#4158,4977,f3_mei2026,0,2,🫂
DaM_18rj5OO#5609,11593,f4_jul2026,1,1,Cair.. cair.. cair.. 👏👏
DaM_18rj5OO#3631,9956,f4_jul2026,0,1,"sekelas Nadiem dibeginiin, apalagi akuuu, kamu, dan kalian yang hanya remukan-remukan. merinding liat negara kek gini"
Dao9wWaDKzY#6,31379,f4_jul2026,0,1,Saya modal 150k di kasih wd 3jt mas di ZOYAMAX 😍🔥
DYR3czaxB9E#3,2530,f3_mei2026,4673,1,Allah bersama bapak Nadiem
DON94SnAD_0#51,49,f1_sep2025,0,3,Adili mulyono
Dao9wWaDKzY#41,31396,f4_jul2026,0,1,Sensasinya emng beda kalau main di ZOYAMAX
DaM_18rj5OO#11329,16306,f4_jul2026,0,1,"pantes aja tanda tanda kiamat makin dekat ke indonesia, isinya orang orang ga takut tuhan😂"
DaM_18rj5OO#15057,19396,f4_jul2026,0,1,Tau kan kenapa Tuhan menciptakan Hukum di akhirat ???? Krn Hukum di dunia Tidak Adil !!!
DUdN5deExTD#906,1231,f2_awal2026,0,1,"Bukan hanya ada keadilan mas mentri, tapi hukum di kita harus diperbaiki."
DUdN5deExTD#591,928,f2_awal2026,0,2,GAK MASUK AKAL.
Dao9wWaDKzY#36,31394,f4_jul2026,0,1,"Alhamdulillah ngeri kali menang 9,2jt ZOYAMAX🥰"
DYR3czaxB9E#2543,4076,f3_mei2026,1,1,INDONESIA KOCAKKKKK
DX8xO2EDutM#11,2021,f3_mei2026,2,1,@teddy_hq mau dibungkam kah 18 th? Dia ada tau apa?? @jokowi @prabowo
DYR3czaxB9E#3628,4667,f3_mei2026,0,1,knp gue dan emak gue lahir di sini cok 😖😖😖
DYR3czaxB9E#98,2609,f4_jul2026,0,1,😢 he's a good man ... I pray this corrupt conviction will slash back at the judge
Dao9wWaDKzY#15,31385,f4_jul2026,0,4,"Alhamdulillah Masih Dikasih Menang 7,2jt di ( ZOYAMAX )"
DaM_18rj5OO#15618,19858,f4_jul2026,18,1,Gawaaat
DYR3czaxB9E#1941,3738,f3_mei2026,0,1,"Rela meninggalkan jabatan CEO sebuah aplikasi demi memenuhi panggilan negara, akhirnya negara cuma manggil utk menjerumuskan beliau ke penjara, miris💔"
DTVFd_Rk-KJ#10,121,f2_awal2026,6,1,"Bukam ga berguna, yg menerima ga tau cara makenya sepertinya"
DUdN5deExTD#569,908,f2_awal2026,0,1,"Balik aja pak besarin Gojek, daripada di pemerintahan was was terus ,malah sekarang jadi tersangka , semoga ada keadilan untuk pak Nadiem yaa"
DaR6fCMxfe-#2337,30334,f4_jul2026,0,1,"Tai lu, fakta sidang tdk terbukti"
DaM_18rj5OO#12956,17659,f4_jul2026,0,1,Yaa yang mulia kagak becus kerjanya yaaa
DaM_18rj5OO#1426,8077,f4_jul2026,0,1,Gada mulia-mulianya itu jajaran hakim. Muaaaaakkkkkkk
DaNC_lKSytw#8122,26753,f4_jul2026,0,1,😧
DaR6fCMxfe-#2335,30332,f4_jul2026,0,1,gak pernah belain nadiem sih 🙏🏻
DaM_18rj5OO#14452,18902,f4_jul2026,0,1,"Dahh lahh ga bisa komen apa2 lagi dengan hukum di negara Konoha ini, bobroq!!! 🔥"
DaM_18rj5OO#15928,20130,f4_jul2026,28464,1,Inilah fungsi dari menaikkan gaji para hakim 280%.
DaNC_lKSytw#315,20607,f4_jul2026,0,1,Diiihhhhh😂
DaNC_lKSytw#2232,22088,f4_jul2026,0,1,Penjarakan juga manusia gorong Gorong nya...
DaM_18rj5OO#16143,20304,f4_jul2026,0,1,😄😄😄😄😄
DUdN5deExTD#530,871,f2_awal2026,0,1,"Anak2, istri atau suami pejabat ASN yang korup harusnya tau dan curiga manakala bapak, ibu, istri atau suaminya tiba2 punya duit banyak ! Mereka bisa jadi bagian dari pencegahan korupsi dari lingkup keluarga, bukan malah ikut menikmati"
DaNC_lKSytw#5792,24943,f4_jul2026,1,4,"Alhamdulillah di kasih menang lagi 12,6jt mantep dah #KOLEMAX🤑"
DaM_18rj5OO#4803,10920,f4_jul2026,0,1,Capek lihat hukum di negara konoha ini
DaNC_lKSytw#8419,26982,f4_jul2026,0,1,Kadang bingung lihat negara tercinta ini. Koq rasanya yang diduduk diatas sana malah merasa punya negara sendiri ya. Padahal kita masyarakat memberi mandat kepercayaan. Malah dibuat gak karuan gini..
DaM_18rj5OO#11301,16289,f4_jul2026,0,1,Allah SWT with you Chief @nadiemmakarim 🤍
DaM_18rj5OO#13616,18199,f4_jul2026,0,1,Hakim dikendalikan jkw😂😂😂😂😂😂
DYR3czaxB9E#1859,3695,f3_mei2026,0,5,🔥🔥🔥❤️❤️❤️
DYR3czaxB9E#2240,3904,f3_mei2026,1,1,Sakit ya 💔🥺
DaM_18rj5OO#14949,19316,f4_jul2026,0,1,semoga ini adahal hasil yang jujur dan bisa dipertanggungjawabkan oleh hakim dan jaksa penuntut di akhir hidup nya. 😢
DaNC_lKSytw#9239,27601,f4_jul2026,0,1,@prabowo buruan deh mau sok jadi pahlawan kan
DX8xO2EDutM#239,2221,f3_mei2026,0,1,Terimakasih Pak Jokowi *baca dengan nada
DaM_18rj5OO#13311,17947,f4_jul2026,5517,1,"Astagfirullah, setiap ikutin berita pak Nadiem , sakit banget diperlakukan tidak adil sama negara. Yaa Allah smoga diberi petunjuk kebenaran dari Allah untuk pak Nadiem"
DYR3czaxB9E#833,3101,f3_mei2026,0,1,hakim gak malu ?
DaNC_lKSytw#1419,21491,f4_jul2026,0,1,Kenapa beliau berani ngambil kebijakan chrome book sih?? Padahal udh tau wilayah kita yng ga dukung jaringan yang baik dan merata lalu di Malaysia udh pernah di uji dan gagal. Kok bisa-bisanya dia berani buat terapin di Indonesia?? Sebenarnya dia kejebak sama kebijakan yang dia buat sendiri
DaNC_lKSytw#2365,22196,f4_jul2026,0,1,Minta tolong k jokowi pak..
DYR3czaxB9E#1729,3628,f3_mei2026,0,1,jadi najiss bgt liat negara sendiri.
DUdN5deExTD#204,549,f2_awal2026,0,1,"Bener klo ras terkuat di bumi ini adalah ""emak-emak ngejabat"""
DaM_18rj5OO#8501,3756,f4_jul2026,1,8,NEGARA BOBROK!!!!
DaM_18rj5OO#13076,17747,f4_jul2026,0,1,Percuma naikin gaji hakim
DaM_18rj5OO#7949,13545,f4_jul2026,0,1,@prabowo @gibran_rakabuming @dpr_ri gimana!!!!
DaM_18rj5OO#7961,10176,f4_jul2026,1,7,Najis
DaM_18rj5OO#14800,19189,f4_jul2026,0,1,Salah satu ciri negara akan hancur
DYR3czaxB9E#677,3000,f3_mei2026,0,1,Tau kan yg tulus siapa sekarang ngeri banget orang berdasi
DaNC_lKSytw#8124,26755,f4_jul2026,0,1,Semoga pintu taubat untuk para hakim ditutup serapat-rapatnya 🤝☝️
DaM_18rj5OO#12907,17617,f4_jul2026,0,1,Dari sini Teroris akan Datang 🔥🔥🔥 bunuh senyap yang memang tidaknpantas 🔥🔥🔥🔥 saya siap🔥
DUdN5deExTD#1479,1777,f2_awal2026,0,1,"hahaha... kerugian negara trilyunan, anak buah terima ratusan juta.... Bos bos dan juragan opung2 ndak mungkin lah nggak dapat yaahhh... jangan ngibul kalian 3"
DaM_18rj5OO#491,7258,f4_jul2026,0,1,Hakim nya anjing. Tandai. Cari inpo nyaaa
DaNC_lKSytw#9118,27514,f4_jul2026,0,1,"Rakyat dimiskin kan ,prabowo Hany moon"
Dao9wWaDKzY#38,31395,f4_jul2026,0,1,"Makasih banget yang ngasih info web ZOYAMAX, gua di kasih menang 9,5jt lumayan😁"
DaNC_lKSytw#723,20948,f4_jul2026,0,1,Makanya jgn mau di rayu jokowi jadi memteri 😂😂😂
DaM_18rj5OO#10085,15299,f4_jul2026,0,1,hakim nya ga pantas dipanggil yang mulia
DYR3czaxB9E#2447,4015,f3_mei2026,0,1,apakah ada pesanan dr org kuat dalam kasus ini????
DaM_18rj5OO#15410,19690,f4_jul2026,3385,1,Gaji hakim naik 300 persen 🙌
DYR3czaxB9E#1900,3719,f3_mei2026,0,1,Sedihhhh bgt 💔
DaNC_lKSytw#1266,21375,f4_jul2026,0,1,Tapi..tapi..sistem pendidikan warisan dia itu nganu..🙄
DUdN5deExTD#1505,1802,f2_awal2026,0,1,"Ikan teri ini, pausnya mana ya"
DYR3czaxB9E#4793,5323,f3_mei2026,0,1,gila gilaaa ga masuk logika keputusan hakim nyaaaaa
DUdN5deExTD#1396,1697,f2_awal2026,0,1,Nma dikasih uang suap diam semua gk ada pura gk tahu nsnti ketahun semua siapa lagi itu itu itu
DaNC_lKSytw#3224,22870,f4_jul2026,0,1,Minta tolong ke Allah جل جلاله
DaNC_lKSytw#2384,22213,f4_jul2026,0,1,Semoga Alloh melindungi mu pak Nadim... Siapa yang menebar akan menuai pak..
DaNC_lKSytw#3774,23297,f4_jul2026,0,1,Ya Allah orang2 yg baik pinter gini pada dipenjarain biar gak bahayakan para koruptor
DaM_18rj5OO#4146,10383,f4_jul2026,0,1,"Yg ga bersalah di buat miskin dan menderita, yg korupsi triliunan malah makin kaya dalam penjara, #mirishukumindonesia"
DYR3czaxB9E#2491,4044,f3_mei2026,0,1,"Ngga tau lagi mau ngomong apa,wa hanya bisa berdoa semoga bapak selalu di beri kesabaran juga kesehatan,negara ini sudah busuk pak..pemimpinya dan antek antek nya sudah ngga amanah susah di percaya lagi...semoga Allah memberikan azab buat mereka yg zolim bukan hari ini atau besok atau lusa ..tapi kita semua tau Hukum Allah itu pasti dan lebih pedih."
DaM_18rj5OO#177,6991,f4_jul2026,0,1,Bobrokkkkk 😂
DON94SnAD_0#112,110,f1_sep2025,0,1,Masih beruntung blm sah kan uu hukuman mat1 dan rampas kekayaan
DaM_18rj5OO#966,7674,f4_jul2026,0,1,Yg Mulia atau Yg Mulyo?
DaNC_lKSytw#3942,23431,f4_jul2026,0,1,🙏🏼🙏🏼🙏🏼❤️❤️💔
DaM_18rj5OO#13756,18321,f4_jul2026,0,1,Cape banget aku jujur liat negara kita Indonesia jujur udah kek liat drama2 korea
DYR3czaxB9E#2908,4276,f3_mei2026,0,1,💔💔💔🥺🥺🥺😢😢😢🫶🫶🫶
DaM_18rj5OO#6670,12480,f4_jul2026,0,1,"Terang2an bgt yaaa, pada ga takut pengadilan Tuhan kah?"
DYSQkY4RX2K#409,5816,f3_mei2026,0,1,Mulutmu mengelaj truzzz
DUdN5deExTD#1316,1621,f2_awal2026,0,1,😢😢😢😢hukum yg menyedihkan
DaM_18rj5OO#13599,18186,f4_jul2026,0,1,"Gak bisa berkatakata lagi sama hukum dinegara ini😢😢 sampai sesak sendiri dada ngeliatnya, semoga selalu dalam lindungan allah SWT pak @nadiemmakarim"
DaM_18rj5OO#9558,14877,f4_jul2026,0,1,👏👏👏😂😂😂😂😂😂😂🔥
DaM_18rj5OO#5978,11899,f4_jul2026,0,1,Indonesia gimana ini 😌😥
DaM_18rj5OO#15904,20107,f4_jul2026,3661,1,"Selagi Presiden nya masih satu komplotan, hukum di negeri ini gak akan ada perubahan..."
DaR6fCMxfe-#2393,30385,f4_jul2026,1,1,akhirnya baru paham
DYR3czaxB9E#1554,3529,f3_mei2026,0,3,🥹😭
DaNC_lKSytw#1396,21474,f4_jul2026,0,2,😢😢😢😢🤲🤲
DYR3czaxB9E#2283,3926,f3_mei2026,0,1,Tuhan melihat Pak. Tuhan melihat 🙏🏻Air mata rakyat juga Tuhan melihat 😭
DaM_18rj5OO#16057,20230,f4_jul2026,0,1,gajih udh dinaikin 300% kerjanya sat set bgt yg penting udh cair... #RIP hukum dinegara kita 🥀🥀
DUdN5deExTD#886,1211,f2_awal2026,0,1,🤕🇮🇩
